Record ID,Manufacturer,Manufacturer Part Number,Provider,Status,Message,Knowledge Base Paths,PDCPartProfile Path
PMR-000001,Microchip Technology,MCP3202T-CI/SN,DigiKey,Downloaded,,Knowledge_Base\Current\DigiKey\Product_Details\Microchip_Technology__MCP3202T-CI_SN.json,output\provider_profiles\DIGIKEY__Microchip_Technology__MCP3202T-CI_SN.json
PMR-000001,Microchip Technology,MCP3202T-CI/SN,TME,Downloaded,,Knowledge_Base\Current\TME\Product_Search\MICROCHIP_TECHNOLOGY__MCP3202T-CI_SN.json | Knowledge_Base\Current\TME\Product_Data\MICROCHIP_TECHNOLOGY__MCP3202T-CI_SN.json | Knowledge_Base\Current\TME\Product_Parameters\MICROCHIP_TECHNOLOGY__MCP3202T-CI_SN.json,output\provider_profiles\TME__Microchip_Technology__MCP3202T-CI_SN.json
PMR-000001,Microchip Technology,MCP3202T-CI/SN,Mouser,Downloaded,,Knowledge_Base\Current\Mouser\Part_Number_Search\Microchip_Technology__MCP3202T-CI_SN.json,output\provider_profiles\MOUSER__Microchip_Technology__MCP3202T-CI_SN.json
PMR-000002,Microchip Technology,MCP3221A5T-E/OT,DigiKey,Downloaded,,Knowledge_Base\Current\DigiKey\Product_Details\Microchip_Technology__MCP3221A5T-E_OT.json,output\provider_profiles\DIGIKEY__Microchip_Technology__MCP3221A5T-E_OT.json
PMR-000002,Microchip Technology,MCP3221A5T-E/OT,TME,Downloaded,,Knowledge_Base\Current\TME\Product_Search\MICROCHIP_TECHNOLOGY__MCP3221A5T-E_OT.json | Knowledge_Base\Current\TME\Product_Data\MICROCHIP_TECHNOLOGY__MCP3221A5T-E_OT.json | Knowledge_Base\Current\TME\Product_Parameters\MICROCHIP_TECHNOLOGY__MCP3221A5T-E_OT.json,output\provider_profiles\TME__Microchip_Technology__MCP3221A5T-E_OT.json
PMR-000002,Microchip Technology,MCP3221A5T-E/OT,Mouser,Downloaded,,Knowledge_Base\Current\Mouser\Part_Number_Search\Microchip_Technology__MCP3221A5T-E_OT.json,output\provider_profiles\MOUSER__Microchip_Technology__MCP3221A5T-E_OT.json
PMR-000003,Texas Instruments,ADS1015IDGSR,DigiKey,Downloaded,,Knowledge_Base\Current\DigiKey\Product_Details\Texas_Instruments__ADS1015IDGSR.json,output\provider_profiles\DIGIKEY__Texas_Instruments__ADS1015IDGSR.json
PMR-000003,Texas Instruments,ADS1015IDGSR,TME,Downloaded,,Knowledge_Base\Current\TME\Product_Search\TEXAS_INSTRUMENTS__ADS1015IDGSR.json | Knowledge_Base\Current\TME\Product_Data\TEXAS_INSTRUMENTS__ADS1015IDGSR.json | Knowledge_Base\Current\TME\Product_Parameters\TEXAS_INSTRUMENTS__ADS1015IDGSR.json,output\provider_profiles\TME__Texas_Instruments__ADS1015IDGSR.json
PMR-000003,Texas Instruments,ADS1015IDGSR,Mouser,Downloaded,,Knowledge_Base\Current\Mouser\Part_Number_Search\Texas_Instruments__ADS1015IDGSR.json,output\provider_profiles\MOUSER__Texas_Instruments__ADS1015IDGSR.json
PMR-000004,Texas Instruments,ADC121C021CIMM/NOPB,DigiKey,Downloaded,,Knowledge_Base\Current\DigiKey\Product_Details\Texas_Instruments__ADC121C021CIMM_NOPB.json,output\provider_profiles\DIGIKEY__Texas_Instruments__ADC121C021CIMM_NOPB.json
PMR-000004,Texas Instruments,ADC121C021CIMM/NOPB,TME,Downloaded,,Knowledge_Base\Current\TME\Product_Search\TEXAS_INSTRUMENTS__ADC121C021CIMM_NOPB.json | Knowledge_Base\Current\TME\Product_Data\TEXAS_INSTRUMENTS__ADC121C021CIMM_NOPB.json | Knowledge_Base\Current\TME\Product_Parameters\TEXAS_INSTRUMENTS__ADC121C021CIMM_NOPB.json,output\provider_profiles\TME__Texas_Instruments__ADC121C021CIMM_NOPB.json
PMR-000004,Texas Instruments,ADC121C021CIMM/NOPB,Mouser,Downloaded,,Knowledge_Base\Current\Mouser\Part_Number_Search\Texas_Instruments__ADC121C021CIMM_NOPB.json,output\provider_profiles\MOUSER__Texas_Instruments__ADC121C021CIMM_NOPB.json
PMR-000005,Microchip Technology,MCP3464RT-E/NC,DigiKey,Downloaded,,Knowledge_Base\Current\DigiKey\Product_Details\Microchip_Technology__MCP3464RT-E_NC.json,output\provider_profiles\DIGIKEY__Microchip_Technology__MCP3464RT-E_NC.json
PMR-000005,Microchip Technology,MCP3464RT-E/NC,TME,Downloaded,,Knowledge_Base\Current\TME\Product_Search\MICROCHIP_TECHNOLOGY__MCP3464RT-E_NC.json | Knowledge_Base\Current\TME\Product_Data\MICROCHIP_TECHNOLOGY__MCP3464RT-E_NC.json | Knowledge_Base\Current\TME\Product_Parameters\MICROCHIP_TECHNOLOGY__MCP3464RT-E_NC.json,output\provider_profiles\TME__Microchip_Technology__MCP3464RT-E_NC.json
PMR-000005,Microchip Technology,MCP3464RT-E/NC,Mouser,Downloaded,,Knowledge_Base\Current\Mouser\Part_Number_Search\Microchip_Technology__MCP3464RT-E_NC.json,output\provider_profiles\MOUSER__Microchip_Technology__MCP3464RT-E_NC.json
PMR-000006,TI,ADS1232IPW,DigiKey,Downloaded,,Knowledge_Base\Current\DigiKey\Product_Details\TI__ADS1232IPW.json,output\provider_profiles\DIGIKEY__TI__ADS1232IPW.json
PMR-000006,TI,ADS1232IPW,TME,Downloaded,,Knowledge_Base\Current\TME\Product_Search\TEXAS_INSTRUMENTS__ADS1232IPW.json | Knowledge_Base\Current\TME\Product_Data\TEXAS_INSTRUMENTS__ADS1232IPW.json | Knowledge_Base\Current\TME\Product_Parameters\TEXAS_INSTRUMENTS__ADS1232IPW.json,output\provider_profiles\TME__TI__ADS1232IPW.json
PMR-000006,TI,ADS1232IPW,Mouser,Downloaded,,Knowledge_Base\Current\Mouser\Part_Number_Search\TI__ADS1232IPW.json,output\provider_profiles\MOUSER__TI__ADS1232IPW.json
PMR-000007,TDK Corporation,PS1440P02BT,DigiKey,Downloaded,,Knowledge_Base\Current\DigiKey\Product_Details\TDK_Corporation__PS1440P02BT.json,output\provider_profiles\DIGIKEY__TDK_Corporation__PS1440P02BT.json
PMR-000007,TDK Corporation,PS1440P02BT,TME,Not Found,TME returned no products,Knowledge_Base\Current\TME\Product_Search\TDK_Corporation__PS1440P02BT.json,
PMR-000007,TDK Corporation,PS1440P02BT,Mouser,Downloaded,,Knowledge_Base\Current\Mouser\Part_Number_Search\TDK_Corporation__PS1440P02BT.json,output\provider_profiles\MOUSER__TDK_Corporation__PS1440P02BT.json
PMR-000008,MPD (Memory Protection Devices),BK-920,DigiKey,Downloaded,,Knowledge_Base\Current\DigiKey\Product_Details\MPD_Memory_Protection_Devices__BK-920.json,output\provider_profiles\DIGIKEY__MPD_Memory_Protection_Devices__BK-920.json
PMR-000008,MPD (Memory Protection Devices),BK-920,TME,Downloaded,,Knowledge_Base\Current\TME\Product_Search\B_K_PRECISION__BK-920.json | Knowledge_Base\Current\TME\Product_Data\B_K_PRECISION__BK-920.json | Knowledge_Base\Current\TME\Product_Parameters\B_K_PRECISION__BK-920.json,output\provider_profiles\TME__MPD_Memory_Protection_Devices__BK-920.json
PMR-000008,MPD (Memory Protection Devices),BK-920,Mouser,Not Found,Mouser returned no parts,Knowledge_Base\Current\Mouser\Part_Number_Search\MPD_Memory_Protection_Devices__BK-920.json,
PMR-000009,TE Connectivity,BAT-HLD-001-THM,DigiKey,Downloaded,,Knowledge_Base\Current\DigiKey\Product_Details\TE_Connectivity__BAT-HLD-001-THM.json,output\provider_profiles\DIGIKEY__TE_Connectivity__BAT-HLD-001-THM.json
PMR-000009,TE Connectivity,BAT-HLD-001-THM,TME,Downloaded,,Knowledge_Base\Current\TME\Product_Search\LINX_TECHNOLOGIES_TE_Connectivity__BAT-HLD-001-THM.json | Knowledge_Base\Current\TME\Product_Data\LINX_TECHNOLOGIES_TE_Connectivity__BAT-HLD-001-THM.json | Knowledge_Base\Current\TME\Product_Parameters\LINX_TECHNOLOGIES_TE_Connectivity__BAT-HLD-001-THM.json,output\provider_profiles\TME__TE_Connectivity__BAT-HLD-001-THM.json
PMR-000009,TE Connectivity,BAT-HLD-001-THM,Mouser,Downloaded,,Knowledge_Base\Current\Mouser\Part_Number_Search\TE_Connectivity__BAT-HLD-001-THM.json,output\provider_profiles\MOUSER__TE_Connectivity__BAT-HLD-001-THM.json
PMR-000010,onsemi,BC847BLT3G,DigiKey,Downloaded,,Knowledge_Base\Current\DigiKey\Product_Details\onsemi__BC847BLT3G.json,output\provider_profiles\DIGIKEY__onsemi__BC847BLT3G.json
PMR-000010,onsemi,BC847BLT3G,TME,Downloaded,,Knowledge_Base\Current\TME\Product_Search\ONSEMI__BC847BLT3G.json | Knowledge_Base\Current\TME\Product_Data\ONSEMI__BC847BLT3G.json | Knowledge_Base\Current\TME\Product_Parameters\ONSEMI__BC847BLT3G.json,output\provider_profiles\TME__onsemi__BC847BLT3G.json
PMR-000010,onsemi,BC847BLT3G,Mouser,Downloaded,,Knowledge_Base\Current\Mouser\Part_Number_Search\onsemi__BC847BLT3G.json,output\provider_profiles\MOUSER__onsemi__BC847BLT3G.json
