Record ID,Record Status,Manufacturer,Manufacturer Part Number,Legacy AIPN,Legacy AIPN Old,Legacy Description,Legacy Family,Legacy Datasheet,Import Source,Source Sheet,Duplicate Source Rows
PMR-000001,Imported - Pending Verification,Microchip Technology,MCP3202T-CI/SN,,ICS-ADC12-SAR-2Ch-SPI-00,IC ADC 12BIT 8-SOIC,ADC,https://ww1.microchip.com/downloads/aemDocuments/documents/APID/ProductDocuments/DataSheets/21034F.pdf,AIPN Parts Master.xlsx,My Lists Worksheet,No
PMR-000002,Imported - Pending Verification,Microchip Technology,MCP3221A5T-E/OT,,ICS-ADC12-SAR-1Ch-I2C-00,IC ADC 12BIT SOT-23-5,ADC,https://ww1.microchip.com/downloads/en/devicedoc/20001732e.pdf,AIPN Parts Master.xlsx,My Lists Worksheet,No
PMR-000003,Imported - Pending Verification,Texas Instruments,ADS1015IDGSR,,ICS-ADC12-SD-4Ch-I2C-00,IC ADC 12BIT 10-VSSOP,ADC,https://www.ti.com/general/docs/suppproductinfo.tsp?distId=10&gotoUrl=https%3A%2F%2Fwww.ti.com%2Flit%2Fgpn%2Fads1013,AIPN Parts Master.xlsx,My Lists Worksheet,No
PMR-000004,Imported - Pending Verification,Texas Instruments,ADC121C021CIMM/NOPB,,ICS-ADC12-SAR-1Ch-I2C-01,IC ADC 12BIT 8-VSSOP,ADC,https://www.ti.com/lit/ds/symlink/adc121c021.pdf,AIPN Parts Master.xlsx,My Lists Worksheet,No
PMR-000005,Imported - Pending Verification,Microchip Technology,MCP3464RT-E/NC,,,IC ADC 16BIT 20-UQFN,ADC,https://ww1.microchip.com/downloads/en/DeviceDoc/MCP3461-2-4R-Family-Data-Sheet-DS20006404C.pdf,AIPN Parts Master.xlsx,My Lists Worksheet,No
PMR-000006,Imported - Pending Verification,TI,ADS1232IPW,,,24 Bit Analog to Digital Converter 2 Input 1 Sigma-Delta 24-TSSOP,ADC,,AIPN Parts Master.xlsx,My Lists Worksheet,No
PMR-000007,Imported - Pending Verification,TDK Corporation,PS1440P02BT,,AUD-THP-1-00,BUZZER PIEZO 3V 14MM TH,AUD,https://product.tdk.com/en/system/files?file=dam/doc/product/sw_piezo/sw_piezo/piezo-buzzer/catalog/piezoelectronic_buzzer_ps_en.pdf,AIPN Parts Master.xlsx,My Lists Worksheet,No
PMR-000008,Imported - Pending Verification,MPD (Memory Protection Devices),BK-920,,BAT-SMD-Holder-2032-2-00,BATTERY RETAINER COIN 20MM SMD,BAT,https://www.memoryprotectiondevices.com/datasheets/BK-920/BK-920-datasheet.pdf,AIPN Parts Master.xlsx,My Lists Worksheet,No
PMR-000009,Imported - Pending Verification,TE Connectivity,BAT-HLD-001-THM,,BAT-THP-Holder-2032-1-00,BATT RETAINER COIN 20MM PC PIN,BAT,https://www.te.com/commerce/DocumentDelivery/DDEController?Action=srchrtrv&DocNm=BAT-HLD-001-THM&DocType=Data+Sheet&DocLang=English&DocFormat=pdf&PartCntxt=BAT-HLD-001-THM,AIPN Parts Master.xlsx,My Lists Worksheet,No
PMR-000010,Imported - Pending Verification,onsemi,BC847BLT3G,,BJT-SMD-NPN-45v-0A1-00,TRANS NPN 45V 0.1A SOT23-3,BJT,https://www.onsemi.com/pub/Collateral/BC846ALT1-D.PDF,AIPN Parts Master.xlsx,My Lists Worksheet,No
PMR-000011,Imported - Pending Verification,Wurth,885012006004,,CAP-0603-22p-10v-C0G/NP0-5%-00,CAP CER 22PF 10V C0G/NP0 0603,CAP,https://www.we-online.com/components/products/datasheet/885012006004.pdf,AIPN Parts Master.xlsx,My Lists Worksheet,No
PMR-000012,Imported - Pending Verification,Würth Elektronik,885012007002,,CAP-0805-22p-10v-C0G/NP0-5%-00,CAP CER 22PF 10V C0G/NP0 0805,CAP,https://www.we-online.com/components/products/datasheet/885012007002.pdf,AIPN Parts Master.xlsx,My Lists Worksheet,No
PMR-000013,Imported - Pending Verification,Samsung Electro-Mechanics,CL10C270JB8NNNC,,CAP-0603-27p-50v-C0G/NP0-5%-00,CAP CER 27PF 50V C0G/NP0 0603,CAP,https://www.samsungsem.com/resources/file/global/support/product_catalog/MLCC_2512.pdf,AIPN Parts Master.xlsx,My Lists Worksheet,No
PMR-000014,Imported - Pending Verification,Wurth,885012006054,,CAP-0603-33p-50v-C0G/NP0-5%-00,CAP CER 33PF 50V C0G/NP0 0603,CAP,https://www.we-online.com/components/products/datasheet/885012006054.pdf,AIPN Parts Master.xlsx,My Lists Worksheet,No
PMR-000015,Imported - Pending Verification,Murata,GRM1555C1H470JA01D,,,CAP CER 47PF 50V C0G/NP0 0402,CAP,https://mm.digikey.com/Volume0/opasdata/d220001/medias/docus/8942/490_Chip_Multilayer_CAT2021_MLCC.pdf,AIPN Parts Master.xlsx,My Lists Worksheet,No
PMR-000016,Imported - Pending Verification,Wurth,885012206077,,CAP-0603-100p-50v-X7R-10%-00,CAP CER 100PF 50V X7R 0603,CAP,https://www.we-online.com/components/products/datasheet/885012206077.pdf,AIPN Parts Master.xlsx,My Lists Worksheet,No
PMR-000017,Imported - Pending Verification,Yageo,CC0805JRNPO9BN101,,CAP-0805-100p-50v-C0G/NP0-5%-00,CAP CER 100PF 50V C0G/NPO 0805,CAP,https://www.yageo.com/en/Chart/Download/pdf/CC0805JRNPO9BN101,AIPN Parts Master.xlsx,My Lists Worksheet,No
PMR-000018,Imported - Pending Verification,Wurth,885012006010,,CAP-0603-220p-10v-C0G/NP0-5%-00,CAP CER 220PF 10V C0G/NP0 0603,CAP,https://www.we-online.com/components/products/datasheet/885012006010.pdf,AIPN Parts Master.xlsx,My Lists Worksheet,No
PMR-000019,Imported - Pending Verification,Walsin Technology Corporation,0603B561J100CT,,CAP-0603-560p-10v-X7R-5%-00,CAP CER 560PF 10V X7R 0603,CAP,https://www.passivecomponent.com/wp-content/uploads/datasheet/WTC_MLCC_General_Purpose.pdf,AIPN Parts Master.xlsx,My Lists Worksheet,No
PMR-000020,Imported - Pending Verification,KEMET,C0805C561J4HAC7800,,CAP-0805-560p-16v-X8R-5%-00,CAP CER 560pF 16V X8R 0805,CAP,,AIPN Parts Master.xlsx,My Lists Worksheet,No
PMR-000021,Imported - Pending Verification,Wurth,885012206034,,CAP-0603-1n-16v-X7R-10%-00,CAP CER 1000PF 16V X7R 0603,CAP,https://www.we-online.com/components/products/datasheet/885012206034.pdf,AIPN Parts Master.xlsx,My Lists Worksheet,No
PMR-000022,Imported - Pending Verification,Würth Elektronik,885012007008,,CAP-0805-1n-10v-C0G/NP0-5%-00,CAP CER 1000PF 10V C0G/NP0 0805,CAP,https://www.we-online.com/components/products/datasheet/885012007008.pdf,AIPN Parts Master.xlsx,My Lists Worksheet,No
PMR-000023,Imported - Pending Verification,EPCOS - TDK Electronics,B32529C8102K289,,CAP-P5.00-1n-630vdc-PET-10%-00,CAP FILM 1000PF 10% 630VDC RAD,CAP,https://product.tdk.com/en/system/files/dam/doc/product/capacitor/film/mkt/data_sheet/20/20/db/fc_2009/b32520_529.pdf,AIPN Parts Master.xlsx,My Lists Worksheet,No
PMR-000024,Imported - Pending Verification,Würth Elektronik,885012207062,,CAP-0805-2n2-25v-X7R-10%-00,CAP CER 2200PF 25V X7R 0805,CAP,https://www.we-online.com/components/products/datasheet/885012207062.pdf,AIPN Parts Master.xlsx,My Lists Worksheet,No
PMR-000025,Imported - Pending Verification,YAGEO,CC0402KRX7R9BB103,,,CAP CER 10000PF 50V X7R 0402,CAP,https://yageogroup.com/content/datasheet/asset/file/UPY-GPHC_X7R_6_3V-TO-250V,AIPN Parts Master.xlsx,My Lists Worksheet,No
PMR-000026,Imported - Pending Verification,Wurth,885012206014,,CAP-0603-10n-10v-X7R-10%-00,CAP CER 10000PF 10V X7R 0603,CAP,https://www.we-online.com/components/products/datasheet/885012206014.pdf,AIPN Parts Master.xlsx,My Lists Worksheet,No
PMR-000027,Imported - Pending Verification,KEMET,C0805C103J4RECAUTO7210,,CAP-0805-10n-16v-X7R-5%-00,CAP CER 0805 10NF 16V X7R 5%,CAP,https://yageogroup.com/content/datasheet/asset/file/KEM_C1090_X7R_ESD,AIPN Parts Master.xlsx,My Lists Worksheet,No
PMR-000028,Imported - Pending Verification,KEMET,R413I21000000M,,CAP-P15.0mm-10n-1kv-Film-20%-00,CAP FILM 10000PF 20% 1KVDC RAD,CAP,https://yageogroup.com/content/datasheet/asset/file/KEM_F3100_R41_Y2_300,AIPN Parts Master.xlsx,My Lists Worksheet,No
PMR-000029,Imported - Pending Verification,YAGEO,CC0402KRX7R9BB104,,,CAP CER 0.1UF 50V X7R 0402,CAP,https://yageogroup.com/content/datasheet/asset/file/UPY-GPHC_X7R_6_3V-TO-250V,AIPN Parts Master.xlsx,My Lists Worksheet,No
PMR-000030,Imported - Pending Verification,Wurth,885012206071,,CAP-0603-100n-25v-X7R-10%-00,CAP CER 0.1UF 25V X7R 0603,CAP,https://www.we-online.com/components/products/datasheet/885012206071.pdf,AIPN Parts Master.xlsx,My Lists Worksheet,No
PMR-000031,Imported - Pending Verification,YAGEO,CC0805JRX7R7BB104,,CAP-0805-100n-16v-X7R-5%-00,CAP CER 0.1UF 16V X7R 0805,CAP,https://yageogroup.com/content/datasheet/asset/file/UPY-GPHC_X7R_6_3V-TO-250V,AIPN Parts Master.xlsx,My Lists Worksheet,No
PMR-000032,Imported - Pending Verification,Würth Elektronik,885012207098,,CAP-0805-100n-50v-X7R-10%-00,CAP CER 0.1UF 50V X7R 0805,CAP,https://www.we-online.com/components/products/datasheet/885012207098.pdf,AIPN Parts Master.xlsx,My Lists Worksheet,No
PMR-000033,Imported - Pending Verification,KYOCERA AVX,TPSA224K035R6000,,CAP-1206-220n-35v-Tant-10%-00,CAP TANT 0.22UF 10% 35V 1206,CAP,https://datasheets.kyocera-avx.com/TPS.pdf,AIPN Parts Master.xlsx,My Lists Worksheet,No
PMR-000034,Imported - Pending Verification,Samsung Electro-Mechanics,CL10B105KO8NNNC,,CAP-0603-1u-16v-X7R-10%-00,CAP CER 1UF 16V X7R 0603,CAP,https://weblib.samsungsem.com/mlcc/mlcc-ec-data-sheet.do?partNumber=CL10B105KO8NNN,AIPN Parts Master.xlsx,My Lists Worksheet,No
PMR-000035,Imported - Pending Verification,Murata Electronics,NFM18PC105R0J3D,,CAP-0603-1u-6v3-FDT-20%-00,CAP FEEDTHRU 1UF 20% 6.3V 0603,CAP,https://search.murata.co.jp/Ceramy/image/img/A01X/G101/ENG/NFM18PC105R0J3-01.pdf,AIPN Parts Master.xlsx,My Lists Worksheet,No
PMR-000036,Imported - Pending Verification,Würth Elektronik,885012207051,,CAP-0805-1u-16v-X7R-10%-00,CAP CER 1UF 16V X7R 0805,CAP,https://www.we-online.com/components/products/datasheet/885012207051.pdf,AIPN Parts Master.xlsx,My Lists Worksheet,No
PMR-000037,Imported - Pending Verification,Würth Elektronik,885012207078,,CAP-0805-1u-25v-X7R-10%-00,CAP CER 1UF 25V X7R 0805,CAP,https://www.we-online.com/components/products/datasheet/885012207078.pdf,AIPN Parts Master.xlsx,My Lists Worksheet,No
PMR-000038,Imported - Pending Verification,Murata,GRM155C61E475ME15J,,,CAP CER 4.7UF 25V X5S 0402,CAP,https://search.murata.co.jp/Ceramy/image/img/A01X/G101/ENG/GRM155C61E475ME15-01A.pdf,AIPN Parts Master.xlsx,My Lists Worksheet,No
PMR-000039,Imported - Pending Verification,Vishay Sprague,298D475X9010M2T,,CAP-0603-4u7-10v-Tant-10%-00,CAP TANT 4.7UF 10% 10V 0603,CAP,https://www.vishay.com/docs/40065/298d298w.pdf,AIPN Parts Master.xlsx,My Lists Worksheet,No
PMR-000040,Imported - Pending Verification,Murata Electronics,GRM188Z71C475KE21D,,CAP-0603-4u7-16v-X7R-10%-00,CAP CER 4.7UF 16V X7R 0603,CAP,https://search.murata.co.jp/Ceramy/image/img/A01X/G101/ENG/GRM188Z71C475KE21-01A.pdf,AIPN Parts Master.xlsx,My Lists Worksheet,No
PMR-000041,Imported - Pending Verification,Wurth,885012207053,,CAP-0805-4u7-16v-X7R-10%-00,CAP CER 4.7UF 16V X7R 0805,CAP,https://www.we-online.com/components/products/datasheet/885012207053.pdf,AIPN Parts Master.xlsx,My Lists Worksheet,No
PMR-000042,Imported - Pending Verification,Murata,GRM155R61A106ME11D,,,CAP CER 10UF 10V X5R 0402,CAP,https://mm.digikey.com/Volume0/opasdata/d220001/medias/docus/8942/490_Chip_Multilayer_CAT2021_MLCC.pdf,AIPN Parts Master.xlsx,My Lists Worksheet,No
PMR-000043,Imported - Pending Verification,KYOCERA AVX,TCM1A106M8R-02,,CAP-0603-10u-10v-Tant-20%-00,CAP TANT 10UF 20% 10V 0603,CAP,https://datasheets.kyocera-avx.com/tc-series.pdf,AIPN Parts Master.xlsx,My Lists Worksheet,No
PMR-000044,Imported - Pending Verification,Samsung Electro-Mechanics,CL10A106MP8NNNC,,CAP-0603-10u-10v-X5R-20%-00,CAP CER 10UF 10V X5R 0603,CAP,https://www.samsungsem.com/resources/file/global/support/product_catalog/MLCC_2512.pdf,AIPN Parts Master.xlsx,My Lists Worksheet,No
PMR-000045,Imported - Pending Verification,Wurth,885012106006,,CAP-0603-10u-6v3-X5R-20%-00,CAP CER 10UF 6.3V X5R 0603,CAP,https://www.we-online.com/components/products/datasheet/885012106006.pdf,AIPN Parts Master.xlsx,My Lists Worksheet,No
PMR-000046,Imported - Pending Verification,Würth Elektronik,885012207026,,CAP-0805-10u-10v-X7R-10%-00,CAP CER 10UF 10V X7R 0805,CAP,https://www.we-online.com/components/products/datasheet/885012207026.pdf,AIPN Parts Master.xlsx,My Lists Worksheet,No
PMR-000047,Imported - Pending Verification,Samsung Electro-Mechanics,CL21B106KOQNNNE,,CAP-0805-10u-16v-X7R-10%-00,CAP CER 10UF 16V X7R 0805,CAP,https://mm.digikey.com/Volume0/opasdata/d220001/medias/docus/926/CL_Series_MLCC_ds.pdf,AIPN Parts Master.xlsx,My Lists Worksheet,No
PMR-000048,Imported - Pending Verification,YAGEO,CC0805KPX5R5BB106,,CAP-0805-10u-6v3-X5R-10%-00,CAP CER 10UF 6.3V X5R 0805,CAP,https://yageogroup.com/content/datasheet/asset/file/UPY-GPHC_X5R_4V-TO-50V,AIPN Parts Master.xlsx,My Lists Worksheet,No
PMR-000049,Imported - Pending Verification,KYOCERA AVX,TAJA106K010RNJ,,CAP-1206-10u-10v-Tant-10%-00,CAP TANT 10UF 10% 10V 1206,CAP,https://datasheets.kyocera-avx.com/TAJ.pdf,AIPN Parts Master.xlsx,My Lists Worksheet,No
PMR-000050,Imported - Pending Verification,Samsung Electro-Mechanics,CL31B106KOHNFNE,,CAP-1206-10u-16v-X7R-10%-00,CAP CER 10UF 16V X7R 1206,CAP,https://mm.digikey.com/Volume0/opasdata/d220001/medias/docus/658/CL31B106KOHNFNE_Spec.pdf,AIPN Parts Master.xlsx,My Lists Worksheet,No
PMR-000051,Imported - Pending Verification,Würth Elektronik,875105240001,,CAP-SMD-10u-10v-PELE-20%-00,CAP ALUM POLY 10UF 20% 10V SMD,CAP,https://www.we-online.com/components/products/datasheet/875105240001.pdf,AIPN Parts Master.xlsx,My Lists Worksheet,No
PMR-000052,Imported - Pending Verification,KYOCERA AVX,TLCL226M006XTA,,CAP-0603-22u-6v3-Tant-20%-00,CAP TANT 22UF 20% 6.3V 0603,CAP,https://datasheets.kyocera-avx.com/TLC.pdf,AIPN Parts Master.xlsx,My Lists Worksheet,No
PMR-000053,Imported - Pending Verification,Walsin Technology Corporation,0603X226M6R3CT,,CAP-0603-22u-6v3-X7R-20%-00,CAP CER 22UF 6.3V X5R 0603,CAP,https://www.passivecomponent.com/wp-content/uploads/datasheet/WTC_MLCC_General_Purpose.pdf,AIPN Parts Master.xlsx,My Lists Worksheet,No
PMR-000054,Imported - Pending Verification,KYOCERA AVX,TAJA226K010RNJ,,CAP-1206-22u-10v-Tant-10%-00,CAP TANT 22UF 10% 10V 1206,CAP,https://datasheets.kyocera-avx.com/TAJ.pdf,AIPN Parts Master.xlsx,My Lists Worksheet,No
PMR-000055,Imported - Pending Verification,Walsin Technology Corporation,1206B226K6R3CT,,CAP-1206-22u-6v3-X7R-10%-00,CAP CER 22UF 6.3V X7R 1206,CAP,https://www.passivecomponent.com/wp-content/uploads/datasheet/WTC_MLCC_General_Purpose.pdf,AIPN Parts Master.xlsx,My Lists Worksheet,No
PMR-000056,Imported - Pending Verification,Würth Elektronik,865060453006,,CAP-SMD-150u-25v-AELE-20%-00,CAP ALUM 150UF 20% 25V SMD,CAP,https://www.we-online.com/components/products/datasheet/865060453006.pdf,AIPN Parts Master.xlsx,My Lists Worksheet,No
PMR-000057,Imported - Pending Verification,KEMET,T520D337M006ATE045,,CAP-2917-330u-6v3-Tant-20%-00,CAP TANT POLY 330UF 6.3V 2917,CAP,https://yageogroup.com/content/datasheet/asset/file/KEM_T2076_T52X-530,AIPN Parts Master.xlsx,My Lists Worksheet,No
PMR-000058,Imported - Pending Verification,Wurth,62000211622,,CON-P2.00-W2B-4Shroud-2pin-v-00,WR-WTB WIRE-TO-BOARD CONNECTORS,CON,https://www.we-online.com/catalog/datasheet/62000211622.pdf,AIPN Parts Master.xlsx,My Lists Worksheet,No
PMR-000059,Imported - Pending Verification,Würth Elektronik,61900211121,,CON-P2.54-Hdr-2pin-Vert-Lock-00,CONN HEADER VERT 2POS 2.54MM,CON,https://www.we-online.com/catalog/datasheet/61900211121.pdf,AIPN Parts Master.xlsx,My Lists Worksheet,No
PMR-000060,Imported - Pending Verification,Sullins Connector Solutions,NPTC021KFXC-RC,,CON-SMD-B2B-Fvert-P2.54-2pin-00,CONN HDR 2POS 0.1 TIN SMD,CON,https://mm.digikey.com/Volume0/opasdata/d220001/medias/docus/2900/NPxCxx1KFXx-RC%2010487-D.pdf,AIPN Parts Master.xlsx,My Lists Worksheet,No
PMR-000061,Imported - Pending Verification,Wurth,653102124022,,CON-SMD-W2B-P1.25-2pin-v-00,CONN HEADER SMD 2POS 1.25MM,CON,https://www.we-online.com/catalog/datasheet/653102124022.pdf,AIPN Parts Master.xlsx,My Lists Worksheet,No
PMR-000062,Imported - Pending Verification,SameSky,PJ-102AH,,CON-THP-DC_Jack-ID2.0-OD5.5-1-00,CONN PWR JACK 2X5.5MM SOLDER,CON,https://www.cuidevices.com/product/resource/pj-102ah.pdf,AIPN Parts Master.xlsx,My Lists Worksheet,No
PMR-000063,Imported - Pending Verification,JST Sales America Inc.,B3B-ZR,,CON-P1.50-W2B-4S-3pin-00,CONN HEADER VERT 3POS 1.5MM,CON,https://www.jst-mfg.com/product/pdf/eng/eZH.pdf,AIPN Parts Master.xlsx,My Lists Worksheet,No
PMR-000064,Imported - Pending Verification,Wurth,62000311622,,CON-P2.00-W2B-4Shroud-3pin-v-00,WR-WTB WIRE-TO-BOARD CONNECTORS,CON,https://www.we-online.com/catalog/datasheet/62000311622.pdf,AIPN Parts Master.xlsx,My Lists Worksheet,No
PMR-000065,Imported - Pending Verification,JST Sales America Inc.,B3B-XH-A,,CON-P2.50-W2B-4Shroud-3pin-00,CONN HEADER VERT 3POS 2.5MM,CON,https://www.jst-mfg.com/product/pdf/eng/eXH.pdf,AIPN Parts Master.xlsx,My Lists Worksheet,No
PMR-000066,Imported - Pending Verification,Würth Elektronik,649003013322,,CON-P4.20-W2B-3pin-Plug-1-00,CONN RCPT HSG 3POS 4.20MM,CON,https://www.we-online.com/components/products/datasheet/649003013322.pdf,AIPN Parts Master.xlsx,My Lists Worksheet,No
PMR-000067,Imported - Pending Verification,Würth Elektronik,64900311122,,CON-P4.20-W2B-3pin-V-1-00,CONN HEADER VERT 3POS 4.2MM,CON,https://www.we-online.com/components/products/datasheet/64900311122.pdf,AIPN Parts Master.xlsx,My Lists Worksheet,No
PMR-000068,Imported - Pending Verification,Würth Elektronik,638263122003,,CON-P5.08-Blade-3pin-RA-00,WR-FAST_THT MALE RIGHT ANGLED HE,CON,https://www.we-online.com/catalog/datasheet/638263122003.pdf,AIPN Parts Master.xlsx,My Lists Worksheet,No
PMR-000069,Imported - Pending Verification,Wurth,638263222003,,CON-P5.08-Blade-3pin-V-00,WR-FAST_THT MALE VERTICAL HEADER,CON,https://www.we-online.com/catalog/datasheet/638263222003.pdf,AIPN Parts Master.xlsx,My Lists Worksheet,No
PMR-000070,Imported - Pending Verification,Wurth,620303124022,,CON-SMD-W2B-P2.00-3pin-v-00,CONN HEADER SMD 3POS 2MM,CON,https://www.we-online.com/catalog/datasheet/620303124022.pdf,AIPN Parts Master.xlsx,My Lists Worksheet,No
PMR-000071,Imported - Pending Verification,Würth Elektronik,691210910004,,CON-P2.54-TB-4pin-Clamp-00,TERM BLOCK 4P HORIZON 2.54MM PCB,CON,https://www.we-online.com/catalog/datasheet/691210910004.pdf,AIPN Parts Master.xlsx,My Lists Worksheet,No
PMR-000072,Imported - Pending Verification,Wurth,620304124022,,CON-SMD-W2B-P2.00-4pin-v-00,CONN HEADER SMD 4POS 2MM,CON,https://www.we-online.com/catalog/datasheet/620304124022.pdf,AIPN Parts Master.xlsx,My Lists Worksheet,No
PMR-000073,Imported - Pending Verification,Wurth,614104190121,,CON-THT-USBA-4p-H-1-00,CONN RCP USB2.0 TYPEA 4POS TH RA,CON,https://www.we-online.com/catalog/datasheet/614104190121.pdf,AIPN Parts Master.xlsx,My Lists Worksheet,No
PMR-000074,Imported - Pending Verification,Würth Elektronik,61300511121,,CON-P2.54-B2B-5pin-V-1-00,CONN HEADER VERT 5POS 2.54MM,CON,https://www.we-online.com/components/products/datasheet/61300511121.pdf,AIPN Parts Master.xlsx,My Lists Worksheet,No
PMR-000075,Imported - Pending Verification,AMP,20021121-00006C4LF,,,CONN HEADER SMD 6POS 1.27MM,CON,https://cdn.amphenol-cs.com/media/wysiwyg/files/documentation/datasheet/boardwiretoboard/bwb_minitek127_btb.pdf,AIPN Parts Master.xlsx,My Lists Worksheet,No
PMR-000076,Imported - Pending Verification,Sullins Connector Solutions,NPTC061KFXC-RC,,CON-SMD-B2B-Fvert-P2.54-6pin-00,CONN HDR 6POS 0.1 TIN SMD,CON,https://mm.digikey.com/Volume0/opasdata/d220001/medias/docus/2900/NPxCxx1KFXx-RC%2010487-D.pdf,AIPN Parts Master.xlsx,My Lists Worksheet,No
PMR-000077,Imported - Pending Verification,Wurth,692122030100,,CON-SMD-USBA-9p-H-1-00,CONN RCPT USB3.0 TYPEA 9P SMD RA,CON,https://www.we-online.com/catalog/datasheet/692122030100.pdf,AIPN Parts Master.xlsx,My Lists Worksheet,No
PMR-000078,Imported - Pending Verification,GCT,USB4105-GF-A,,CON-SMD-USBC-Top-16+8-00,CONN RCP USB2.0 TYP C 16P SMD RA,CON,https://gct.co/files/specs/usb4105-spec.pdf,AIPN Parts Master.xlsx,My Lists Worksheet,No
PMR-000079,Imported - Pending Verification,GCT,USB4920-00-A,,CON-SMD-USBC-Top-16+8-2-00,"USB TYPE C, 2.0, 16P, RECEPTACLE",CON,https://mm.digikey.com/Volume0/opasdata/d220001/medias/docus/8945/usb4920-spec.pdf,AIPN Parts Master.xlsx,My Lists Worksheet,No
PMR-000080,Imported - Pending Verification,Wurth,61002011921,,CON-SMD-B2B-Fvert-P2.54-20pin-00,"B2B Header (F), 2.54mm 1x20, SMD",CON,,AIPN Parts Master.xlsx,My Lists Worksheet,No
PMR-000081,Imported - Pending Verification,Hirose Electric Co Ltd,CX90MF-16P,,CON-SMD-USBC-MM-16+8-2-00,"USB-C (USB TYPE-C) USB 2.0 Receptacle Connector 24 (16+8 Dummy) Position Surface Mount, Right Angle",CON,https://www.hirose.com/en/product/document?clcode=CL0480-0985-0-00&productname=CX90MF-16P&series=CX&documenttype=SpecSheet&lang=en&documentid=CX90MF-16P_4800985000_Specsheet_ENG,AIPN Parts Master.xlsx,My Lists Worksheet,No
PMR-000082,Imported - Pending Verification,GCT,USB4085-GF-A,,CON-THT-USBC-16+8-1-00 | CON-SMD-USBC-Top-16+8-1-00,CONN RCPT USB2.0 TYPE C 16+8POS,CON,https://gct.co/files/specs/usb4085-spec.pdf,AIPN Parts Master.xlsx,My Lists Worksheet,Yes
PMR-000083,Imported - Pending Verification,Amp,12401948E412A,,CON-SMD-USBC-24p-H-2-00,CONN RCP USB2.0 TYPC 24P BRD CUT,CON,https://cdn.amphenol-cs.com/media/wysiwyg/files/documentation/datasheet/inputoutput/io_usb_2_0_type_c_lite.pdf,AIPN Parts Master.xlsx,My Lists Worksheet,No
PMR-000084,Imported - Pending Verification,SameSky,UJ32-C-V-G-FMT-2-P24,,CON-USBC-Strad-24p-H-PCB=0.8mm-00,CONN RCPT USB 3.2 TYPE C 24POS,CON,https://www.sameskydevices.com/product/resource/uj32-c-v-g-fmt-2-p24.pdf,AIPN Parts Master.xlsx,My Lists Worksheet,No
PMR-000085,Imported - Pending Verification,Molex,2169900001,,CON-SMD-USBC-MM-16+8-1-00,CONN RCP USB2.0 TYP C 24P SMD RA,CON,https://www.molex.com/webdocs/datasheets/pdf/en-us/2169900001_IO_CONNECTORS.pdf,AIPN Parts Master.xlsx,My Lists Worksheet,No
PMR-000086,Imported - Pending Verification,GCT,USB4110-GF-A,,CON-SMD-USBC-Top-16-7.35mm-00,CONN RCP USB2.0 TYP C 24P SMD RA,CON,https://gct.co/files/specs/usb4110-spec.pdf,AIPN Parts Master.xlsx,My Lists Worksheet,No
PMR-000087,Imported - Pending Verification,Hirose Electric Co Ltd,FH26W-45S-0.3SHW(60),,CON-SMD-FPC-45pin-P0.3mm-00,CONN FPC BOTTOM 45POS 0.3MM R/A,CON,https://www.hirose.com/product/document?clcode=CL0580-2401-1-60&productname=FH26W-13S-0.3SHW(60)&series=FH26&documenttype=Catalog&lang=en&documentid=D49355_en,AIPN Parts Master.xlsx,My Lists Worksheet,No
PMR-000088,Imported - Pending Verification,Molex,1040310811,,CON-SMD-uSDCage-10p-Push-Pull-1-00,CONN MICRO SD CARD R/A SMD,CON,https://www.molex.com/en-us/products/part-detail/1040310811?display=pdf,AIPN Parts Master.xlsx,My Lists Worksheet,No
PMR-000089,Imported - Pending Verification,Würth Elektronik,693071010811,,CON-SMD-uSDCage-8+1p-Push-Push-1-00,CONN MICRO SD CARD R/A SMD,CON,https://www.we-online.com/catalog/datasheet/693071010811.pdf,AIPN Parts Master.xlsx,My Lists Worksheet,No
PMR-000090,Imported - Pending Verification,Würth Elektronik,693072010801,,CON-SMD-uSDCage-8p-Hing-1-00,CONN MICRO SD CARD R/A SMD,CON,https://www.we-online.com/catalog/datasheet/693072010801.pdf,AIPN Parts Master.xlsx,My Lists Worksheet,No
PMR-000091,Imported - Pending Verification,Molex,5025700893,,CON-uSDCage-10p-PushPush-00,CONN MICRO SD CARD R/A SMD,CON,https://www.molex.com/pdm_docs/sd/5025700893_sd.pdf,AIPN Parts Master.xlsx,My Lists Worksheet,No
PMR-000092,Imported - Pending Verification,Wurth,632722200212,,CON-SMD-USBC-24p-H-1-00,WR-COM_USB 3.1_TYPE C_HORIZONTAL,CON,https://www.we-online.com/catalog/datasheet/632722200212.pdf,AIPN Parts Master.xlsx,My Lists Worksheet,No
PMR-000093,Imported - Pending Verification,Wurth,629722000214,,CON-SMD-USBC-Top-16-PCB=0.8mm-00,WR-COM_USB 2.0_TYPE C_HORIZONTAL,CON,https://www.we-online.com/catalog/datasheet/629722000214.pdf,AIPN Parts Master.xlsx,My Lists Worksheet,No
PMR-000094,Imported - Pending Verification,Microchip Technology,MCP4811-E/SN,,ICS-DAC10-1ch-spi-1-00,IC DAC 10BIT 8-SOIC,DAC,https://ww1.microchip.com/downloads/en/DeviceDoc/22244B.pdf,AIPN Parts Master.xlsx,My Lists Worksheet,No
PMR-000095,Imported - Pending Verification,Microchip Technology,MCP4812-E/SN,,ICS-DAC10-2ch-spi-1-00,IC DAC 10BIT 8-SOIC,DAC,https://ww1.microchip.com/downloads/aemDocuments/documents/OTH/ProductDocuments/DataSheets/20002249B.pdf,AIPN Parts Master.xlsx,My Lists Worksheet,No
PMR-000096,Imported - Pending Verification,Analog Devices Inc./Maxim Integrated,LTC2630ISC6-LZ12#TRMPBF,,ICS-DAC12-1ch-spi-1-00,IC DAC 12BIT SC-70-6,DAC,https://www.analog.com/media/en/technical-documentation/data-sheets/2630fg.pdf,AIPN Parts Master.xlsx,My Lists Worksheet,No
PMR-000097,Imported - Pending Verification,Microchip Technology,MCP4725A0T-E/CH,,ICS-DAC12-1ch-i2c-1-00,IC DAC 12BIT SOT-23-6,DAC,https://ww1.microchip.com/downloads/aemDocuments/documents/MSLD/ProductDocuments/DataSheets/MCP4725-Data-Sheet-20002039E.pdf,AIPN Parts Master.xlsx,My Lists Worksheet,No
PMR-000098,Imported - Pending Verification,Diotec Semiconductor,1N4448W,,DIO-SMD-150mA-75v-GP-1-00,DIODE STANDARD 75V 150MA SOD123F,DIO,https://diotec.com/request/datasheet/1n4148w.pdf,AIPN Parts Master.xlsx,My Lists Worksheet,No
PMR-000099,Imported - Pending Verification,Microchip Technology,SMBJ5361B/TR13,,DIO-SMB-Zen-27v-5w-5r-00,DIODE ZENER 27V 5W DO214AA,DIO,,AIPN Parts Master.xlsx,My Lists Worksheet,No
PMR-000100,Imported - Pending Verification,Comchip,CDBU40,,DIO-0603-40v-200mA-SBD-1-00,DIODE SCHOTTKY 40V 200MA 0603,DIO,https://mm.digikey.com/Volume0/opasdata/d220001/medias/docus/695/CDBU40_DS.pdf,AIPN Parts Master.xlsx,My Lists Worksheet,No
PMR-000101,Imported - Pending Verification,OnSemi,SS14,,DIO-SMD-40v-1A-SBD-1-00,DIODE SCHOTTKY 40V 1A DO214AC,DIO,https://www.onsemi.com/pdf/datasheet/ss19-d.pdf,AIPN Parts Master.xlsx,My Lists Worksheet,No
PMR-000102,Imported - Pending Verification,Taiwan Semi,TS4148 RCG,,DIO-0603-100mA-75v-GP-1-00,DIODE STANDARD 75V 100MA 0603,DIO,https://services.ts.com.tw/storage/resources/datasheet/TS4148%20SERIES_A2301.pdf,AIPN Parts Master.xlsx,My Lists Worksheet,No
PMR-000103,Imported - Pending Verification,onsemi,MMSD914T1G,,DIO-SMD-200mA-100v-00,DIODE STANDARD 100V 200MA SOD123,DIO,https://www.onsemi.com/pdf/datasheet/mmsd914t1-d.pdf,AIPN Parts Master.xlsx,My Lists Worksheet,No
PMR-000104,Imported - Pending Verification,Vishay General Semiconductor - Diodes Division,MB4S-E3/80,,DIO-SMD-Bridge-400v-00,BRIDGE RECT 1P 400V 0.5A TO269AA,DIO,https://www.vishay.com/docs/88661/mb2s.pdf,AIPN Parts Master.xlsx,My Lists Worksheet,No
PMR-000105,Imported - Pending Verification,Würth Elektronik,742792625,,FBD-0603-120R-2A-50mR-00,FERRITE BEAD 120 OHM 0603 1LN,FBD,https://www.we-online.com/components/products/datasheet/742792625.pdf,AIPN Parts Master.xlsx,My Lists Worksheet,No
PMR-000106,Imported - Pending Verification,TDK Corporation,MPZ2012S331AT000,,FBD-0805-330R-2A5-50mR-00,FERRITE BEAD 330 OHM 0805 1LN,FBD,https://product.tdk.com/system/files/dam/doc/product/emc/emc/beads/catalog/beads_commercial_power_mpz2012_en.pdf?ref_disty=digikey,AIPN Parts Master.xlsx,My Lists Worksheet,No
PMR-000107,Imported - Pending Verification,Wurth,742841160,,FBD-0402-600R-100mA-1R6-00,FERRITE BEAD 600 OHM 0402 1LN,FBD,https://www.we-online.com/components/products/datasheet/742841160.pdf,AIPN Parts Master.xlsx,My Lists Worksheet,No
PMR-000108,Imported - Pending Verification,OnSemi,FDMA1024NZ,,FET-SMD-NMOS-20v-5A-700mW-00,MOSFET 2N-CH 20V 5A 6MICROFET,FET,https://www.onsemi.com/pub/Collateral/FDMA1024NZ-D.PDF,AIPN Parts Master.xlsx,My Lists Worksheet,No
PMR-000109,Imported - Pending Verification,Nexperia,PMV65XPVL,,FET-SMD-PMOS-20v-2.8A-480mW-00,MOSFET P-CH 20V 2.8A TO236AB,FET,https://assets.nexperia.com/documents/data-sheet/PMV65XP.pdf,AIPN Parts Master.xlsx,My Lists Worksheet,No
PMR-000110,Imported - Pending Verification,OnSemi,FDN340P,,FET-SMD-Pch-20v-2A-500mW-00,MOSFET P-CH 20V 2A SUPERSOT3,FET,https://www.onsemi.com/pdf/datasheet/fdn340p-d.pdf,AIPN Parts Master.xlsx,My Lists Worksheet,No
PMR-000111,Imported - Pending Verification,OnSemi,2N7002,,FET-SMD-Nch-60v-115mA-200mW-00,MOSFET N-CH 60V 280MA SOT23-3,FET,https://diotec.com/request/datasheet/2n7002.pdf,AIPN Parts Master.xlsx,My Lists Worksheet,No
PMR-000112,Imported - Pending Verification,Bel Fuse Inc.,0ZAF0005FF28,,FUS-2920-PTC-50mA-240v-00,"Polymeric PTC Resettable Fuse 240V (250V Int) 50 mA Ih Surface Mount 2920 (7351 Metric), Concave",FUS,https://belfuse.com/media/datasheets/products/circuit-protection/ds-CP-0ZAF-series.pdf,AIPN Parts Master.xlsx,My Lists Worksheet,No
PMR-000113,Imported - Pending Verification,Littelfuse Inc.,1206L110YR,,FUS-1206-Poly-6v-1A1-00,"FUSE, RESETTABLE, 1206L SERIES, PTC 8V POLYFUSE SMD THIN ,1.1A",FUS,,AIPN Parts Master.xlsx,My Lists Worksheet,No
PMR-000114,Imported - Pending Verification,Littelfuse Inc.,36912000000,,FUS-P5.08-Rad-T-2A-300vac-00,FUSE BOARD MNT 2A 300VAC RADIAL,FUS,https://www.littelfuse.com/assetdocs/fuse-369-datasheet?assetguid=2d4d6025-892d-4199-9612-78de96bc2dfe,AIPN Parts Master.xlsx,My Lists Worksheet,No
PMR-000115,Imported - Pending Verification,Bourns Inc.,MF-MSMF250/16X-2,,FUS-1812-PTC-2A5-16v-00,PTC RESET FUSE 16V 2.5A 1812,FUS,https://www.bourns.com/docs/product-datasheets/mf-msmf.pdf,AIPN Parts Master.xlsx,My Lists Worksheet,No
PMR-000116,Imported - Pending Verification,Bel Fuse Inc.,0683G5000-01,,FUS-4818-Cer-5A-350vac-00,FUSE CERM 5A 350VAC 125VDC 2SMD,FUS,https://belfuse.com/media/datasheets/products/circuit-protection/ds-CP-0683G-series.pdf,AIPN Parts Master.xlsx,My Lists Worksheet,No
PMR-000117,Imported - Pending Verification,TI,ADPL62083UR30O+T,,,"3-PIN, SOT, LOW-POWER SUPERVISOR",ICS,https://www.analog.com/media/en/technical-documentation/data-sheets/adpl62083.pdf,AIPN Parts Master.xlsx,My Lists Worksheet,No
PMR-000118,Imported - Pending Verification,Microchip Technology,MCP121T-315E/TT,,ICS-SuperV-3v08-1ch-1-00,IC SUPERVISOR 1 CHANNEL SOT23-3,ICS,https://ww1.microchip.com/downloads/en/DeviceDoc/20001906D.pdf,AIPN Parts Master.xlsx,My Lists Worksheet,No
PMR-000119,Imported - Pending Verification,Maxim,MAX17048G+T10,,ICS-Batt-Mon-LiIon-1c-1-00,IC BATT MON LI-ION 1CELL 8TDFN,ICS,https://www.analog.com/media/en/technical-documentation/data-sheets/MAX17048-MAX17049.pdf,AIPN Parts Master.xlsx,My Lists Worksheet,No
PMR-000120,Imported - Pending Verification,Analog Devices Inc.,LTC4412ES6#TRMPBF,,ICS-OR_Ctrl-Pch-2to1-1-00,IC OR CTRLR SRC SELECT TSOT23-6,ICS,https://www.analog.com/media/en/technical-documentation/data-sheets/ltc4412.pdf,AIPN Parts Master.xlsx,My Lists Worksheet,No
PMR-000121,Imported - Pending Verification,Nexperia,TXB0104QRUTRQ1,,ICS-SMD-LVLT-Bdir-4ch-00,IC XLTR VL BIDIR 12-UQFN,ICS,https://www.ti.com/general/docs/suppproductinfo.tsp?distId=10&gotoUrl=https%3A%2F%2Fwww.ti.com%2Flit%2Fgpn%2Ftxb0104-q1,AIPN Parts Master.xlsx,My Lists Worksheet,No
PMR-000122,Imported - Pending Verification,TI,TPS22965DSGR,,ICS-PwrSwi-NCh-6A-1-00,IC PWR SWITCH N-CHAN 1:1 8WSON,ICS,https://www.ti.com/lit/ds/symlink/tps22965.pdf,AIPN Parts Master.xlsx,My Lists Worksheet,No
PMR-000123,Imported - Pending Verification,OnSemi,CM1624-08DE,,ICS-RLC-3ord-LP-400r-20n-12p-1-00,FILTER RLC 40 OHMS /20NH ESD SMD,ICS,https://www.onsemi.com/pub/Collateral/CM1624-D.PDF,AIPN Parts Master.xlsx,My Lists Worksheet,No
PMR-000124,Imported - Pending Verification,TI,OPA4391PWR,,ICS-SMD-OpAmp-4-Ch-00,"QUAD, MICROPOWER, HIGH SPEED-TO- | Standard (General Purpose) Amplifier 4 Circuit Push-Pull, Rail-to-Rail 14-TSSOP",ICS | OPA,https://www.ti.com/lit/ds/symlink/opa391.pdf,AIPN Parts Master.xlsx,My Lists Worksheet,Yes
PMR-000125,Imported - Pending Verification,Microchip Technology,MCP2515T-I/ML,,ICS-CAN-Ctrl-SPI-3-00,IC CAN CTLR W/SPI 2.0B 20-QFN,ICT,https://ww1.microchip.com/downloads/en/DeviceDoc/MCP2515-Stand-Alone-CAN-Controller-with-SPI-20001801J.pdf,AIPN Parts Master.xlsx,My Lists Worksheet,No
PMR-000126,Imported - Pending Verification,Microchip Technology,MCP2515-I/SO,,ICS-CAN-Ctrl-SPI-1-00,IC CAN CONTROLLER W/SPI 18SOIC,ICT,https://ww1.microchip.com/downloads/en/DeviceDoc/MCP2515-Stand-Alone-CAN-Controller-with-SPI-20001801J.pdf,AIPN Parts Master.xlsx,My Lists Worksheet,No
PMR-000127,Imported - Pending Verification,Microchip Technology,MCP2561T-E/SN,,ICS-CAN-Trans-00,IC TRANSCEIVER HALF 1/1 8SOIC,ICT,https://ww1.microchip.com/downloads/en/DeviceDoc/20005167C.pdf,AIPN Parts Master.xlsx,My Lists Worksheet,No
PMR-000128,Imported - Pending Verification,Texas Instruments,LM311DR,,ICS-Comp-1ch-1-00,"Comparator Standard (General Purpose) MOS, Open-Collector, Open-Emitter, TTL 8-SOIC",ICT,,AIPN Parts Master.xlsx,My Lists Worksheet,No
PMR-000129,Imported - Pending Verification,Texas Instruments,LM2903BIDR,,ICS-Comp-2ch-1-00,IC COMPARATOR 2CH 8-SOIC,ICT,https://www.ti.com/general/docs/suppproductinfo.tsp?distId=10&gotoUrl=https%3A%2F%2Fwww.ti.com%2Flit%2Fgpn%2Flm2903,AIPN Parts Master.xlsx,My Lists Worksheet,No
PMR-000130,Imported - Pending Verification,Allegro MicroSystems,ACS71240LLCBTR-010B3,,ICS-Curr-sense-10A-00,CURRENT SENSOR HE/OL 10A 8-SOIC,ICT,https://www.allegromicro.com/~/media/files/datasheets/acs71240-datasheet.pdf,AIPN Parts Master.xlsx,My Lists Worksheet,No
PMR-000131,Imported - Pending Verification,Diodes Incorporated,APX803S-31SA-7,,ICS-SuperV-3v08-1ch-0-00,Supervisor Open Drain or Open Collector 1 Channel SOT-23-3,ICT,,AIPN Parts Master.xlsx,My Lists Worksheet,No
PMR-000132,Imported - Pending Verification,Texas Instruments,SN74LVC1G08DBVT,,ICS-AND-1ch-00,IC GATE AND 1CH 2-INP SOT23-5,ICT,https://www.ti.com/general/docs/suppproductinfo.tsp?distId=10&gotoUrl=https%3A%2F%2Fwww.ti.com%2Flit%2Fgpn%2Fsn74lvc1g08,AIPN Parts Master.xlsx,My Lists Worksheet,No
PMR-000133,Imported - Pending Verification,Analog Devices Inc./Maxim Integrated,MAX31865AAP+,,ICS-Temp-RTD-PT100-00,IC RTD TO DIGITAL CONVERT 20SSOP,ICT,https://datasheets.maximintegrated.com/en/ds/MAX31865.pdf,AIPN Parts Master.xlsx,My Lists Worksheet,No
PMR-000134,Imported - Pending Verification,Analog Devices,MAX38888ATD+T,,ICS-SuperC-Mgmt-1-00,IC BATT MFUNC SUPERCAP 14TDFN,ICT,https://www.analog.com/media/en/technical-documentation/data-sheets/MAX38888.pdf,AIPN Parts Master.xlsx,My Lists Worksheet,No
PMR-000135,Imported - Pending Verification,OnSemi,TL331VSN4T1G,,ICS-Comp-1ch-2-00,IC COMPARATOR 1CH 5-TSOP,ICT,https://www.onsemi.com/download/data-sheet/pdf/tl331-d.pdf,AIPN Parts Master.xlsx,My Lists Worksheet,No
PMR-000136,Imported - Pending Verification,Texas Instruments,LM2903BIDDFR,,ICS-Comp-2ch-2-00,IC COMPARATOR 2CH TSOT-23-8,ICT,https://www.ti.com/lit/ds/symlink/lm2903b.pdf,AIPN Parts Master.xlsx,My Lists Worksheet,No
PMR-000137,Imported - Pending Verification,Texas Instruments,TSC2007IPWR,,ICS-TouchCtrl-4wire-12-Bit-i2c-00,IC TSC 4 WIRE RES 16-TSSOP,ICT,https://www.ti.com/general/docs/suppproductinfo.tsp?distId=10&gotoUrl=http%253A%252F%252Fwww.ti.com%252Flit%252Fgpn%252Ftsc2007,AIPN Parts Master.xlsx,My Lists Worksheet,No
PMR-000138,Imported - Pending Verification,Microchip Technology,MCP2515-I/ST,,ICS-CAN-Ctrl-SPI-2-00,IC CAN CONTROLLER W/SPI 20TSSOP,ICT,https://ww1.microchip.com/downloads/en/DeviceDoc/MCP2515-Stand-Alone-CAN-Controller-with-SPI-20001801J.pdf,AIPN Parts Master.xlsx,My Lists Worksheet,No
PMR-000139,Imported - Pending Verification,Texas Instruments,TCA9548APWR,,ICS-I2C-Exp-8ch-00,IC BUS SWITCH 1 X 8:1 24-TSSOP,ICT,https://www.ti.com/general/docs/suppproductinfo.tsp?distId=10&gotoUrl=https%3A%2F%2Fwww.ti.com%2Flit%2Fgpn%2Ftca9548a,AIPN Parts Master.xlsx,My Lists Worksheet,No
PMR-000140,Imported - Pending Verification,Würth Elektronik,744383130033,,IND-1610-330n-1A9-84mR-00,FIXED IND 330NH 1.9A 84 MOHM SMD,IND,https://www.we-online.com/components/products/datasheet/744383130033.pdf,AIPN Parts Master.xlsx,My Lists Worksheet,No
PMR-000141,Imported - Pending Verification,Coilcraft,XFL4015-471MEC,,IND-1616-470n-9A1-8.36mR-Shield-00,FIXED IND 470NH 9.1A 8.36 MOHM,IND,https://www.coilcraft.com/en-us/files/datasheet/XFL4015,AIPN Parts Master.xlsx,My Lists Worksheet,No
PMR-000142,Imported - Pending Verification,Murata,LQM21PN2R2MC0D,,IND-0805-2u2-06A-425mR-Shield-00,FIXED IND 2.2UH 600MA 425 MOHM,IND,https://search.murata.co.jp/Ceramy/image/img/P02/JELF243B-0014.pdf,AIPN Parts Master.xlsx,My Lists Worksheet,No
PMR-000143,Imported - Pending Verification,Coilcraft,XAL4020-222ME,,IND-1616-2u2-5A5-38.7mR-Shield-00,FIXED IND 2.2UH 5.5A 38.7 MOHM SMD,IND,,AIPN Parts Master.xlsx,My Lists Worksheet,No
PMR-000144,Imported - Pending Verification,Wurth,744042100,,IND-1919-10u-1A3-150mR-Shield-00,FIXED IND 10UH 1.3A 150 MOHM SMD,IND,https://www.we-online.com/components/products/datasheet/744042100.pdf,AIPN Parts Master.xlsx,My Lists Worksheet,No
PMR-000145,Imported - Pending Verification,Würth Elektronik,150060VS75000,,LED-0603-Gn-570nm-2v0-20mA-00,LED GREEN CLEAR 0603 SMD,LED,https://www.we-online.com/components/products/datasheet/150060VS75000.pdf,AIPN Parts Master.xlsx,My Lists Worksheet,No
PMR-000146,Imported - Pending Verification,Würth Elektronik,150080VS75000,,LED-0805-Gn-570nm-2v-20mA-00,LED GREEN CLEAR 0805 SMD,LED,https://www.we-online.com/components/products/datasheet/150080VS75000.pdf,AIPN Parts Master.xlsx,My Lists Worksheet,No
PMR-000147,Imported - Pending Verification,Würth Elektronik,150060SS75000,,LED-0603-Rd-630nm-1v9-20mA-00,LED RED CLEAR 0603 SMD,LED,https://www.we-online.com/components/products/datasheet/150060SS75000.pdf,AIPN Parts Master.xlsx,My Lists Worksheet,No
PMR-000148,Imported - Pending Verification,Kingbright,APTD1608LSECK/J3-PF,,LED-0603-Rd-625nm-1v8-2mA-00,LED RED CLEAR 2SMD,LED,https://www.kingbrightusa.com/images/catalog/SPEC/APTD1608LSECK-J3-PF.pdf,AIPN Parts Master.xlsx,My Lists Worksheet,No
PMR-000149,Imported - Pending Verification,Lite-On Inc.,LTST-C195KGJRKT,,,LED GREEN/RED CLEAR CHIP SMD,LED,https://mm.digikey.com/Volume0/opasdata/d220001/medias/docus/1134/LTST-C195KGJRKT.pdf,AIPN Parts Master.xlsx,My Lists Worksheet,No
PMR-000150,Imported - Pending Verification,Espressif Systems,ESP32-S3-WROOM-1-N16R2,,MCU-ESP32-S3-1-R16N2-00,RF TXRX MOD BT WIFI PCB TH SMD,MCU,https://www.espressif.com/sites/default/files/documentation/esp32-s3-wroom-1_wroom-1u_datasheet_en.pdf,AIPN Parts Master.xlsx,My Lists Worksheet,No
PMR-000151,Imported - Pending Verification,Microchip Technology,24AA512T-I/SN,,ICS-EEProm-512kb-i2c-00,IC EEPROM 512KBIT I2C 8SOIC,MEM,https://ww1.microchip.com/downloads/en/DeviceDoc/24AA512-24LC512-24FC512-512K-Bit-I2C-Serial-EEPROM-20001754Q.pdf,AIPN Parts Master.xlsx,My Lists Worksheet,No
PMR-000152,Imported - Pending Verification,TI,TMUX1108PWR,,ICS-Swi-8Ch-4R-00,IC MUX 8:1 4OHM 16TSSOP,MUX,https://www.ti.com/general/docs/suppproductinfo.tsp?distId=10&gotoUrl=https%3A%2F%2Fwww.ti.com%2Flit%2Fgpn%2Ftmux1108,AIPN Parts Master.xlsx,My Lists Worksheet,No
PMR-000153,Imported - Pending Verification,Texas Instruments,LM2904BIDR,,ICS-OpAmp-2ch-00,IC OPAMP GP 2 CIRCUIT 8SOIC,OPA,https://www.ti.com/general/docs/suppproductinfo.tsp?distId=10&gotoUrl=https%3A%2F%2Fwww.ti.com%2Flit%2Fgpn%2Flm2904v,AIPN Parts Master.xlsx,My Lists Worksheet,No
PMR-000154,Imported - Pending Verification,UMW,OPA340NA,,ICS-OpAmp-1ch-1-00,IC OPAMP GP 1 CIRCUIT SOT23-5,OPA,https://www.umw-ic.com/static/pdf/1b963e15d0e6622d702f45e5b1ed9081.pdf,AIPN Parts Master.xlsx,My Lists Worksheet,No
PMR-000155,Imported - Pending Verification,Lite-On Inc.,LTV-817S-TA1,,ICS-Opto-5kv-DC-NPN-00,OPTOISOLATOR 5KV 1CH TRANS 4-SMD,OPT,https://optoelectronics.liteon.com/upload/download/DS-70-96-0016/LTV-8X7%20series%20%20Rev.S.PDF,AIPN Parts Master.xlsx,My Lists Worksheet,No
PMR-000156,Imported - Pending Verification,Lite-On Inc.,4N35S-TA1,,ICS-Opto-3.5kv-DC-NPN-00,OPTOISO 3.55KV TRANS W/BASE 6SMD,OPT,https://optoelectronics.liteon.com/upload/download/DS-70-99-0012/4N3X%20Series%201115.pdf,AIPN Parts Master.xlsx,My Lists Worksheet,No
PMR-000157,Imported - Pending Verification,Würth Elektronik,140354245100,,ICS-Opto-3.75kv-AC-NPN-00,OPTOISO 3.75KV 1CH TRANS 4-SOP,OPT,0,AIPN Parts Master.xlsx,My Lists Worksheet,No
PMR-000158,Imported - Pending Verification,Abracon,ABS07-32.768KHZ-T,,OSC-SMD-32.768kHz-12p5-1-00,CRYSTAL 32.7680KHZ 12.5PF SMD,OSC,https://abracon.com/Resonators/ABS07.pdf,AIPN Parts Master.xlsx,My Lists Worksheet,No
PMR-000159,Imported - Pending Verification,Abracon,ABM8-16.000MHZ-D4Y-T,,OSC-SMD-16MHz-18p-1-00,CRYSTAL 16.0000MHZ 18PF SMD,OSC,https://mm.digikey.com/Volume0/opasdata/d220001/medias/docus/6536/ABM8_Datasheet.pdf,AIPN Parts Master.xlsx,My Lists Worksheet,No
PMR-000160,Imported - Pending Verification,Microchip Technology,MCP4461-104E/ML,,ICS-POT-100K-4Ch-12C-257taps-00,IC DIG POT 100K 20-QFN,POT,https://ww1.microchip.com/downloads/en/DeviceDoc/22265a.pdf,AIPN Parts Master.xlsx,My Lists Worksheet,Yes
PMR-000161,Imported - Pending Verification,Bourns Inc.,TC33X-2-103E,,POT-SMD-10K-0.15w-1T-Top-00,TRIMMER 10K OHM 0.15W J LEAD TOP,POT,https://www.bourns.com/docs/Product-Datasheets/TC33.pdf,AIPN Parts Master.xlsx,My Lists Worksheet,No
PMR-000162,Imported - Pending Verification,Bourns Inc.,3269W-1-102GLF,,POT-SMD-1K-0.25w-12T-Top-00,TRIMMER 1K OHM 0.25W GW TOP ADJ,POT,https://www.bourns.com/docs/Product-Datasheets/3269.pdf,AIPN Parts Master.xlsx,My Lists Worksheet,No
PMR-000163,Imported - Pending Verification,CUI Inc.,PSK-4-5,,PSU-THP-ACDC-4w-5v-00,AC/DC CONVERTER 5V 4W,PSU,https://belfuse.com/media/datasheets/products/power-supplies/PSK-4.pdf,AIPN Parts Master.xlsx,My Lists Worksheet,No
PMR-000164,Imported - Pending Verification,ADI,ADR5041BKSZ,,,Shunt Voltage Reference IC Fixed 2.5V V ±0.1% 15 mA SC-70-3,REF,,AIPN Parts Master.xlsx,My Lists Worksheet,No
PMR-000165,Imported - Pending Verification,Diodes Incorporated,AP3015AKTR-G1,,REG-SMD-Adj-A100-Boost-1-00,IC REG BOOST ADJ 75MA SOT23-5,REG,https://www.diodes.com/assets/Datasheets/AP3015_A.pdf,AIPN Parts Master.xlsx,My Lists Worksheet,No
PMR-000166,Imported - Pending Verification,ADI / Linear,LT3042EDD#TRPBF,,REG-SMD-Adj-0A2-LDO-1-00,IC REG LIN POS ADJ 200MA 10DFN,REG,https://www.analog.com/media/en/technical-documentation/data-sheets/3042fb.pdf,AIPN Parts Master.xlsx,My Lists Worksheet,No
PMR-000167,Imported - Pending Verification,TI,TPS62746YFPT,,REG-SMD-Buck-Var-300mA-1-00,IC REG BUCK PROG 300MA 8DSBGA,REG,https://www.ti.com/general/docs/suppproductinfo.tsp?distId=10&gotoUrl=http%253A%252F%252Fwww.ti.com%252Flit%252Fgpn%252Ftps62746,AIPN Parts Master.xlsx,My Lists Worksheet,No
PMR-000168,Imported - Pending Verification,onsemi,NCP1117LPSTADT3G,,REG-SMD-Adj-1A-LDO-00,IC REG LINEAR POS ADJ 1A SOT-223,REG,https://www.onsemi.com/pdf/datasheet/ncp1117lp-d.pdf,AIPN Parts Master.xlsx,My Lists Worksheet,No
PMR-000169,Imported - Pending Verification,ADI / Linear,LTC3118IUFD#PBF,,ICS-PwrPath-2ch-1-00,IC REG BUCK BOOST ADJ 2A 24QFN,REG,https://www.analog.com/media/en/technical-documentation/data-sheets/3118fa.pdf,AIPN Parts Master.xlsx,My Lists Worksheet,No
PMR-000170,Imported - Pending Verification,TI,TLV62569DBVR,,REG-SMD-Adj-2A-Buck-1-00,IC REG BUCK ADJ 2A SOT23-5,REG,https://www.ti.com/general/docs/suppproductinfo.tsp?distId=10&gotoUrl=https%3A%2F%2Fwww.ti.com%2Flit%2Fgpn%2Ftlv62569,AIPN Parts Master.xlsx,My Lists Worksheet,No
PMR-000171,Imported - Pending Verification,TI,TPS63802DLAR,,REG-SMD-Buck-Boost-2A-1-00,IC REG BUCK BOOST ADJ 2A 10VSON,REG,https://www.ti.com/lit/ds/symlink/tps63802.pdf,AIPN Parts Master.xlsx,My Lists Worksheet,No
PMR-000172,Imported - Pending Verification,Microchip Technology,MCP1711T-25I/OT,,,IC REG LINEAR 2.5V 150MA SOT23-5,REG,https://ww1.microchip.com/downloads/en/DeviceDoc/20005415D.pdf,AIPN Parts Master.xlsx,My Lists Worksheet,No
PMR-000173,Imported - Pending Verification,Diodes Incorporated,AP62250Z6-7,,REG-SMD-Adj-2A5-Buck-0-00,IC REG BUCK ADJ 2.5A SOT563,REG,https://www.diodes.com/assets/Datasheets/AP62250.pdf,AIPN Parts Master.xlsx,My Lists Worksheet,No
PMR-000174,Imported - Pending Verification,Diodes Incorporated,AP62250WU-7,,REG-SMD-Adj-2A5-Buck-1-00,IC REG BUCK ADJ 2.5A TSOT26,REG,https://www.diodes.com/assets/Datasheets/AP62250.pdf,AIPN Parts Master.xlsx,My Lists Worksheet,No
PMR-000175,Imported - Pending Verification,EVVO,AMS1117-3.3,,REG-SMD-3v3-1A-LDO-00,IC REG LINEAR 3.3V 1A SOT-223-3L,REG,https://mm.digikey.com/Volume0/opasdata/d220001/medias/docus/7158/5272_AMS1117-3.3.pdf,AIPN Parts Master.xlsx,My Lists Worksheet,No
PMR-000176,Imported - Pending Verification,TI,TLV75733PDBVR,,,IC REG LINEAR 3.3V 1A SOT23-5,REG,https://www.ti.com/general/docs/suppproductinfo.tsp?distId=10&gotoUrl=https%3A%2F%2Fwww.ti.com%2Flit%2Fgpn%2Ftlv757p,AIPN Parts Master.xlsx,My Lists Worksheet,No
PMR-000177,Imported - Pending Verification,TI,LM27762DSST,,,IC REG CHARGE PUMP ADJ DL 12WSON,REG,https://www.ti.com/general/docs/suppproductinfo.tsp?distId=10&gotoUrl=https%3A%2F%2Fwww.ti.com%2Flit%2Fgpn%2Flm27762,AIPN Parts Master.xlsx,My Lists Worksheet,No
PMR-000178,Imported - Pending Verification,Littelfuse Inc.,CPC1998J,,REL-THP-5A-240vac-SSR-SPSTno-00,SSR RELAY SPST-NO 5A 20-240V,REL,https://www.littelfuse.com/assetdocs/littelfuse-integrated-circuits-cpc1998j-datasheet?assetguid=42c5763f-6053-4cb8-92b0-0423aa9ba263,AIPN Parts Master.xlsx,My Lists Worksheet,No
PMR-000179,Imported - Pending Verification,YAGEO,RC0402JR-070RL,,,RES 0 OHM JUMPER 1/16W 0402,RES,https://yageogroup.com/content/datasheet/asset/file/PYU-RC_GROUP_51_ROHS_L,AIPN Parts Master.xlsx,My Lists Worksheet,No
PMR-000180,Imported - Pending Verification,YAGEO,RC0603FR-070RL,,RES-0603-0R-1%-00,RES 0 OHM JUMPER 1/10W 0603,RES,https://yageogroup.com/content/datasheet/asset/file/PYU-RC_GROUP_51_ROHS_L,AIPN Parts Master.xlsx,My Lists Worksheet,No
PMR-000181,Imported - Pending Verification,Walsin Technology Corporation,WF25P10R0FTL,,RES-2512-10R-2W-1%-1-00,RES 10 OHM 1% 2W 2512,RES,,AIPN Parts Master.xlsx,My Lists Worksheet,No
PMR-000182,Imported - Pending Verification,YAGEO,RC0402FR-0722RL,,,RES 22 OHM 1% 1/16W 0402,RES,https://yageogroup.com/content/datasheet/asset/file/PYU-RC_GROUP_51_ROHS_L,AIPN Parts Master.xlsx,My Lists Worksheet,No
PMR-000183,Imported - Pending Verification,Yageo,RC0603FR-0722RL,,RES-0603-22R-1%-00,RES 22 OHM 1% 1/10W 0603,RES,https://yageogroup.com/content/datasheet/asset/file/PYU-RC_GROUP_51_ROHS_L,AIPN Parts Master.xlsx,My Lists Worksheet,No
PMR-000184,Imported - Pending Verification,YAGEO,RC2512FK-0739RL,,RES-2512-39R-1%-00,RES 39 OHM 1% 1W 2512,RES,https://yageogroup.com/content/datasheet/asset/file/PYU-RC_GROUP_51_ROHS_L,AIPN Parts Master.xlsx,My Lists Worksheet,No
PMR-000185,Imported - Pending Verification,YAGEO,RC0603FR-0775RL,,RES-0603-75R-1%-00,RES 75 OHM 1% 1/10W 0603,RES,https://yageogroup.com/content/datasheet/asset/file/PYU-RC_GROUP_51_ROHS_L,AIPN Parts Master.xlsx,My Lists Worksheet,No
PMR-000186,Imported - Pending Verification,YAGEO,RC0603FR-07100RL,,RES-0603-100R-1%-00,RES 100 OHM 1% 1/10W 0603,RES,https://yageogroup.com/content/datasheet/asset/file/PYU-RC_GROUP_51_ROHS_L,AIPN Parts Master.xlsx,My Lists Worksheet,No
PMR-000187,Imported - Pending Verification,YAGEO,RC0603FR-07200RL,,RES-0603-200R-1%-00,RES 200 OHM 1% 1/10W 0603,RES,https://yageogroup.com/content/datasheet/asset/file/PYU-RC_GROUP_51_ROHS_L,AIPN Parts Master.xlsx,My Lists Worksheet,No
PMR-000188,Imported - Pending Verification,YAGEO,RT0603FRE07232RL,,RES-0603-232R-1%-00,RES SMD 232 OHM 1% 1/10W 0603,RES,https://yageogroup.com/content/datasheet/asset/file/PYU-RT_1-TO-0-01_ROHS_L,AIPN Parts Master.xlsx,My Lists Worksheet,No
PMR-000189,Imported - Pending Verification,YAGEO,RC0603FR-07330RL,,RES-0603-330R-1%-00,RES 330 OHM 1% 1/10W 0603,RES,https://yageogroup.com/content/datasheet/asset/file/PYU-RC_GROUP_51_ROHS_L,AIPN Parts Master.xlsx,My Lists Worksheet,No
PMR-000190,Imported - Pending Verification,YAGEO,RT0603FRE07332RL,,RES-0603-332R-1%-00,RES SMD 332 OHM 1% 1/10W 0603,RES,https://yageogroup.com/content/datasheet/asset/file/PYU-RT_1-TO-0-01_ROHS_L,AIPN Parts Master.xlsx,My Lists Worksheet,No
PMR-000191,Imported - Pending Verification,Vishay Dale Thin Film,PAT0603E4000BST1,,RES-0603-400R-0.1%-00,RES SMD 400 OHM 0.1% 0.15W 0603,RES,https://www.vishay.com/docs/60024/pat.pdf,AIPN Parts Master.xlsx,My Lists Worksheet,No
PMR-000192,Imported - Pending Verification,YAGEO,RC0603FR-07470RL,,RES-0603-470R-1%-00,RES 470 OHM 1% 1/10W 0603,RES,https://yageogroup.com/content/datasheet/asset/file/PYU-RC_GROUP_51_ROHS_L,AIPN Parts Master.xlsx,My Lists Worksheet,No
PMR-000193,Imported - Pending Verification,Koa Speer,RK73H1ETTP1001F,,,RES 1K OHM 1% 1/10W 0402,RES,https://www.koaspeer.com/pdfs/RK73H.pdf,AIPN Parts Master.xlsx,My Lists Worksheet,No
PMR-000194,Imported - Pending Verification,YAGEO,RC0603FR-071KL,,RES-0603-1K-1%-00,RES 1K OHM 1% 1/10W 0603,RES,https://yageogroup.com/content/datasheet/asset/file/PYU-RC_GROUP_51_ROHS_L,AIPN Parts Master.xlsx,My Lists Worksheet,No
PMR-000195,Imported - Pending Verification,Stackpole Electronics Inc,RMCF0603FT1K50,,RES-0603-1K5-1%-00,RES 1.5K OHM 1% 1/10W 0603,RES,https://www.seielect.com/catalog/SEI-RMCF_RMCP.pdf,AIPN Parts Master.xlsx,My Lists Worksheet,No
PMR-000196,Imported - Pending Verification,YAGEO,RC0603FR-072KL,,RES-0603-2K-1%-00,RES 2K OHM 1% 1/10W 0603,RES,https://yageogroup.com/content/datasheet/asset/file/PYU-RC_GROUP_51_ROHS_L,AIPN Parts Master.xlsx,My Lists Worksheet,No
PMR-000197,Imported - Pending Verification,YAGEO,RC0603FR-072K2L,,RES-0603-2K2-1%-00,RES 2.2K OHM 1% 1/10W 0603,RES,https://yageogroup.com/content/datasheet/asset/file/PYU-RC_GROUP_51_ROHS_L,AIPN Parts Master.xlsx,My Lists Worksheet,No
PMR-000198,Imported - Pending Verification,YAGEO,RC0603FR-072K4L,,RES-0603-2K4-1%-00,RES 2.4K OHM 1% 1/10W 0603,RES,https://yageogroup.com/content/datasheet/asset/file/PYU-RC_GROUP_51_ROHS_L,AIPN Parts Master.xlsx,My Lists Worksheet,No
PMR-000199,Imported - Pending Verification,YAGEO,RC0603FR-073K3L,,RES-0603-3K3-1%-00,RES 3.3K OHM 1% 1/10W 0603,RES,https://yageogroup.com/content/datasheet/asset/file/PYU-RC_GROUP_51_ROHS_L,AIPN Parts Master.xlsx,My Lists Worksheet,No
PMR-000200,Imported - Pending Verification,YAGEO,RC0402FR-074K7L,,,RES 4.7K OHM 1% 1/16W 0402,RES,https://yageogroup.com/content/datasheet/asset/file/PYU-RC_GROUP_51_ROHS_L,AIPN Parts Master.xlsx,My Lists Worksheet,No
PMR-000201,Imported - Pending Verification,YAGEO,RC0603FR-074K7L,,RES-0603-4K7-1%-00,RES 4.7K OHM 1% 1/10W 0603,RES,https://yageogroup.com/content/datasheet/asset/file/PYU-RC_GROUP_51_ROHS_L,AIPN Parts Master.xlsx,My Lists Worksheet,No
PMR-000202,Imported - Pending Verification,YAGEO,RC0402FR-0710KL,,,RES 10K OHM 1% 1/16W 0402,RES,https://yageogroup.com/content/datasheet/asset/file/PYU-RC_GROUP_51_ROHS_L,AIPN Parts Master.xlsx,My Lists Worksheet,No
PMR-000203,Imported - Pending Verification,YAGEO,RC0603FR-0710KL,,RES-0603-10K-1%-00,RES 10K OHM 1% 1/10W 0603,RES,https://yageogroup.com/content/datasheet/asset/file/PYU-RC_GROUP_51_ROHS_L,AIPN Parts Master.xlsx,My Lists Worksheet,No
PMR-000204,Imported - Pending Verification,Vishay Dale Thin Film,TNPW060310K0BEEA,,,RES 10K OHM 0.1% 0.21W 0603,RES,https://www.vishay.com/docs/28758/tnpw_e3.pdf,AIPN Parts Master.xlsx,My Lists Worksheet,No
PMR-000205,Imported - Pending Verification,YAGEO,RT0603FRE0717K8L,,RES-0603-17K8-1%-00,RES SMD 17.8K OHM 1% 1/10W 0603,RES,https://yageogroup.com/content/datasheet/asset/file/PYU-RT_1-TO-0-01_ROHS_L,AIPN Parts Master.xlsx,My Lists Worksheet,No
PMR-000206,Imported - Pending Verification,YAGEO,RC0603FR-0718KL,,RES-0603-18K-1%-00,RES 18K OHM 1% 1/10W 0603,RES,https://yageogroup.com/content/datasheet/asset/file/PYU-RC_GROUP_51_ROHS_L,AIPN Parts Master.xlsx,My Lists Worksheet,No
PMR-000207,Imported - Pending Verification,YAGEO,RC0603FR-0722KL,,RES-0603-22K-1%-00,RES 22K OHM 1% 1/10W 0603,RES,https://yageogroup.com/content/datasheet/asset/file/PYU-RC_GROUP_51_ROHS_L,AIPN Parts Master.xlsx,My Lists Worksheet,No
PMR-000208,Imported - Pending Verification,Vishay Dale Thin Film,TNPW060325K2BEEN,,,TNPW0603 25K2 0.1% T-9 E52 E3,RES,https://www.vishay.com/docs/28758/tnpw_e3.pdf,AIPN Parts Master.xlsx,My Lists Worksheet,No
PMR-000209,Imported - Pending Verification,YAGEO,RC0603FR-0747KL,,RES-0603-47K-1%-00,RES 47K OHM 1% 1/10W 0603,RES,https://yageogroup.com/content/datasheet/asset/file/PYU-RC_GROUP_51_ROHS_L,AIPN Parts Master.xlsx,My Lists Worksheet,No
PMR-000210,Imported - Pending Verification,Vishay Dale Thin Film,TNPW060350K5BEEA,,,RES 50.5K OHM 0.1% 0.21W 0603,RES,https://www.vishay.com/docs/28758/tnpw_e3.pdf,AIPN Parts Master.xlsx,My Lists Worksheet,No
PMR-000211,Imported - Pending Verification,Royal Ohm,0603SAF8662T5E,,RES-0603-86K6-1%-00,RES 86.6K OHM 1% 1/10W 0603,RES,,AIPN Parts Master.xlsx,My Lists Worksheet,No
PMR-000212,Imported - Pending Verification,YAGEO,RC0603FR-0788K7L,,RES-0603-88K7-1%-00,RES 88.7K OHM 1% 1/10W 0603,RES,https://yageogroup.com/content/datasheet/asset/file/PYU-RC_GROUP_51_ROHS_L,AIPN Parts Master.xlsx,My Lists Worksheet,No
PMR-000213,Imported - Pending Verification,Koa Speer,RK73H1ETTP1003F,,,RES 100K OHM 1% 1/10W 0402,RES,https://www.koaspeer.com/pdfs/RK73H.pdf,AIPN Parts Master.xlsx,My Lists Worksheet,No
PMR-000214,Imported - Pending Verification,YAGEO,RC0603FR-07100KL,,RES-0603-100K-1%-00,RES 100K OHM 1% 1/10W 0603,RES,https://yageogroup.com/content/datasheet/asset/file/PYU-RC_GROUP_51_ROHS_L,AIPN Parts Master.xlsx,My Lists Worksheet,No
PMR-000215,Imported - Pending Verification,Vishay Dale Thin Film,TNPW0603100KBEEN,,,RES 100K OHM 0.1% 0.21W 0603,RES,https://www.vishay.com/docs/28758/tnpw_e3.pdf,AIPN Parts Master.xlsx,My Lists Worksheet,No
PMR-000216,Imported - Pending Verification,Panasonic,ERJ3EKF1303V,,RES-0603-130K-1%-00,RES SMD 130K OHM 1% 1/10W 0603,RES,,AIPN Parts Master.xlsx,My Lists Worksheet,No
PMR-000217,Imported - Pending Verification,YAGEO,RC0603FR-07150KL,,RES-0603-150K-1%-00,RES 150K OHM 1% 1/10W 0603,RES,https://yageogroup.com/content/datasheet/asset/file/PYU-RC_GROUP_51_ROHS_L,AIPN Parts Master.xlsx,My Lists Worksheet,No
PMR-000218,Imported - Pending Verification,YAGEO,RC0603FR-07220KL,,RES-0603-220K-1%-00,RES 220K OHM 1% 1/10W 0603,RES,https://yageogroup.com/content/datasheet/asset/file/PYU-RC_GROUP_51_ROHS_L,AIPN Parts Master.xlsx,My Lists Worksheet,No
PMR-000219,Imported - Pending Verification,YAGEO,RC0603FR-07300KL,,RES-0603-300K-1%-00,RES 300K OHM 1% 1/10W 0603,RES,https://yageogroup.com/content/datasheet/asset/file/PYU-RC_GROUP_51_ROHS_L,AIPN Parts Master.xlsx,My Lists Worksheet,No
PMR-000220,Imported - Pending Verification,YAGEO,RC0603FR-07390KL,,RES-0603-390K-1%-00,RES 390K OHM 1% 1/10W 0603,RES,https://yageogroup.com/content/datasheet/asset/file/PYU-RC_GROUP_51_ROHS_L,AIPN Parts Master.xlsx,My Lists Worksheet,No
PMR-000221,Imported - Pending Verification,Panasonic,ERJ3EKF3923V,,RES-0603-392K-1%-00,RES 392K OHM 1% 1/10W 0603,RES,,AIPN Parts Master.xlsx,My Lists Worksheet,No
PMR-000222,Imported - Pending Verification,YAGEO,RC0603FR-07470KL,,RES-0603-470K-1%-00,RES 470K OHM 1% 1/10W 0603,RES,https://yageogroup.com/content/datasheet/asset/file/PYU-RC_GROUP_51_ROHS_L,AIPN Parts Master.xlsx,My Lists Worksheet,No
PMR-000223,Imported - Pending Verification,Vishay Dale Thin Film,MCT0603MD4993BP500,,,RES 499K OHM 0.1% 1/10W 0603,RES,https://www.vishay.com/docs/28952/mcr0201at-mca1206at.pdf,AIPN Parts Master.xlsx,My Lists Worksheet,No
PMR-000224,Imported - Pending Verification,Panasonic,ERJ3EKF6193V,,RES-0603-619K-1%-00,RES 619K OHM 1% 1/10W 0603,RES,,AIPN Parts Master.xlsx,My Lists Worksheet,No
PMR-000225,Imported - Pending Verification,Walsin Technology Corporation,WR06X1004FTL,,RES-0603-1M-1%-00,RES 1M OHM 1% 1/10W 0603,RES,https://www.passivecomponent.com/wp-content/uploads/chipR/ASC_WR.pdf,AIPN Parts Master.xlsx,My Lists Worksheet,No
PMR-000226,Imported - Pending Verification,Royal Ohm,0603SAF1204T5E,,RES-0603-1M2-1%-00,RES 1.2M OHM 1% 1/10W 0603,RES,,AIPN Parts Master.xlsx,My Lists Worksheet,No
PMR-000227,Imported - Pending Verification,Vishay Dale Thin Film,MCT0603MD2004BP500,,,RES 2M OHM 0.1% 1/10W 0603,RES,https://www.vishay.com/docs/28952/mcr0201at-mca1206at.pdf,AIPN Parts Master.xlsx,My Lists Worksheet,No
PMR-000228,Imported - Pending Verification,NXP,"PCF85063ATL/1,118",,ICS-RTC-i2c-1-00,IC RTC CLK/CALENDAR I2C 10DFN,RTC,https://www.nxp.com/docs/en/data-sheet/PCF85063A.pdf,AIPN Parts Master.xlsx,My Lists Worksheet,No
PMR-000229,Imported - Pending Verification,Kemet,FC0V474ZFTBR24,,SCA-SMD-F47-3v5-1-00,CAP 470MF -20% +80% 3.5V SMD,SCA,https://yageogroup.com/content/datasheet/asset/file/KEM_S6011_FC,AIPN Parts Master.xlsx,My Lists Worksheet,No
PMR-000230,Imported - Pending Verification,Kemet,FC0H474ZFTBR32-SS,,SCA-SMD-F47-5v5-1-00,CAP 470MF -20% +80% 5.5V SMD,SCA,https://content.kemet.com/datasheets/KEM_S6011_FC.pdf,AIPN Parts Master.xlsx,My Lists Worksheet,No
PMR-000231,Imported - Pending Verification,ScioSense,ENS210-LQFM,,SEN-SMD-HuTe-i2c-00,"I2C, QFN4, DIGITAL PRE-CALIBRATE",SEN,https://mm.digikey.com/Volume0/opasdata/d220001/medias/docus/8389/ENS210.pdf,AIPN Parts Master.xlsx,My Lists Worksheet,No
PMR-000232,Imported - Pending Verification,ST Micro,MP34DT05-A,,SEN-SMD-Mic-MEMS-Digital-1-00,"100 Hz ~ 10 kHz Digital, PDM Microphone MEMS (Silicon) Omnidirectional (-26dB ±3dB @ 94dB SPL) Solder Pads",SEN,,AIPN Parts Master.xlsx,My Lists Worksheet,No
PMR-000233,Imported - Pending Verification,Knowles,SPH0645LM4H,,SEN-SMD-Mic-MEMS-Digital-2-00,"20 Hz ~ 10 kHz Digital, I2S Microphone MEMS (Silicon) 1.62 V ~ 3.6 V Omnidirectional (-26dB ±3dB @ 94dB SPL) Solder Pads",SEN,,AIPN Parts Master.xlsx,My Lists Worksheet,No
PMR-000234,Imported - Pending Verification,Infineon Technologies,IM69D120,,SEN-SMD-MIC-MEMS-Digital-3-00,"20 Hz ~ 20 kHz Digital, PDM Microphone MEMS (Silicon) 1.62 V ~ 3.6 V Omnidirectional (-26dB ±1dB) Solder Pads",SEN,,AIPN Parts Master.xlsx,My Lists Worksheet,No
PMR-000235,Imported - Pending Verification,Melexis Technologies NV,MLX90640ESF-BAB-000-TU,,SEN-THP-IR-i2c-00,SENSOR DGTL -40C-85C TO39,SEN,https://www.melexis.com/-/media/files/documents/datasheets/mlx90640-datasheet-melexis.pdf,AIPN Parts Master.xlsx,My Lists Worksheet,No
PMR-000236,Imported - Pending Verification,Texas Instruments,LM35CAZ/NOPB,,SEN-THP-Te-0~100C-10mvC-Analog-00,SENSOR ANALOG -40C-110C TO92-3,SEN,https://www.ti.com/general/docs/suppproductinfo.tsp?distId=10&gotoUrl=https%3A%2F%2Fwww.ti.com%2Flit%2Fgpn%2Flm35,AIPN Parts Master.xlsx,My Lists Worksheet,No
PMR-000237,Imported - Pending Verification,TI,INA228AIDGSR,,SEN-SMD-EnergyMon-I2C-20bit-1-00,IC PWR MONITOR 10VSSOP,SEN,https://www.ti.com/general/docs/suppproductinfo.tsp?distId=10&gotoUrl=http%3A%2F%2Fwww.ti.com%2Flit%2Fgpn%2Fina228,AIPN Parts Master.xlsx,My Lists Worksheet,No
PMR-000238,Imported - Pending Verification,TI,INA229AIDGSR,,SEN-SMD-EnergyMon-SPI-20bit-1-00,IC CURR SENSE 1 CIRCUIT 10VSSOP,SEN,https://www.ti.com/general/docs/suppproductinfo.tsp?distId=10&gotoUrl=http%3A%2F%2Fwww.ti.com%2Flit%2Fgpn%2Fina229,AIPN Parts Master.xlsx,My Lists Worksheet,No
PMR-000239,Imported - Pending Verification,SameSky,CMEJ-0733-25-L070,,SEN-CBL-Mic-Elect-25dB-Analog-00,"MIC COND ANLG OMNI -25DB 0.276""D",SEN,https://www.cuidevices.com/product/resource/cmej-0733-25-l070.pdf,AIPN Parts Master.xlsx,My Lists Worksheet,No
PMR-000240,Imported - Pending Verification,Adafruit,2384,,SEN-P1.00-Vib-Medium-Analog-00,"ROUND SPACER #8 NYLON 1/2""",SEN,https://www.keyelco.com/userAssets/file/K75p88.pdf,AIPN Parts Master.xlsx,My Lists Worksheet,No
PMR-000241,Imported - Pending Verification,Wurth,2533020201601,,SEN-SMD-3Axis-i2c&spi-00,WSEN-ITDS 3 AXIS ACCELERATION SE,SEN,https://www.we-online.com/components/products/datasheet/2533020201601.pdf,AIPN Parts Master.xlsx,My Lists Worksheet,No
PMR-000242,Imported - Pending Verification,Bosch Sensortec,BME688,,SEN-SMD-GsPrTeHu-i2c-spi-00,SENSOR GAS/HUM/PRES/TEMP I2C SPI,SEN,https://www.bosch-sensortec.com/media/boschsensortec/downloads/datasheets/bst-bme688-ds000.pdf,AIPN Parts Master.xlsx,My Lists Worksheet,No
PMR-000243,Imported - Pending Verification,TDK InvenSense,ICS-40730,,SEN-SMD-Mic-MEMS-Analog-1-00,MICROPHONE MEMS ANALOG NC -32DB,SEN,https://invensense.tdk.com/wp-content/uploads/2020/07/DS-000139-ICS-40730-v1.1.pdf,AIPN Parts Master.xlsx,My Lists Worksheet,No
PMR-000244,Imported - Pending Verification,Bosch Sensortec,BME280,,SEN-SMD-PrHuTe-i2c&spi-00,SENSOR PRESSURE HUMIDITY TEMP,SEN,https://www.bosch-sensortec.com/media/boschsensortec/downloads/datasheets/bst-bme280-ds002.pdf,AIPN Parts Master.xlsx,My Lists Worksheet,No
PMR-000245,Imported - Pending Verification,C&K,KMR213G LFG,,SWI-SMD-SPSTno-32v-10mA-4.6x2.8mm-00,SWITCH TACTILE SPST-NO 0.01A 32V,SWI,https://www.littelfuse.com/assetdocs/littelfuse-c-k-tactile-kmr2-series-datasheet?assetguid=f782bfc7-b600-4ab5-8c8d-a2a094a642e3,AIPN Parts Master.xlsx,My Lists Worksheet,No
PMR-000246,Imported - Pending Verification,Würth Elektronik,434153017835,,SWI-SMD-SPSTno-12v-50mA-3.5x2.9mm-00,SWITCH TACTILE SPST-NO 0.05A 12V,SWI,https://www.we-online.com/catalog/datasheet/434153017835.pdf,AIPN Parts Master.xlsx,My Lists Worksheet,No
PMR-000247,Imported - Pending Verification,Omron Electronics Inc-EMC Div,B3FS-4005P,,SWI-SMD-SPSTno-24v-50mA-12x12mm-00,SWITCH TACTILE SPST-NO 0.05A 24V,SWI,https://omronfs.omron.com/en_US/ecb/products/pdf/en-b3fs_4.pdf,AIPN Parts Master.xlsx,My Lists Worksheet,No
PMR-000248,Imported - Pending Verification,ALPS,SKRPABE010,,,SWITCH TACTILE SPST-NO 0.05A 16V,SWI,https://tech.alpsalpine.com/cms.media/product_spec_skrpabe010_en_c1c577738a.pdf,AIPN Parts Master.xlsx,My Lists Worksheet,No
PMR-000249,Imported - Pending Verification,onsemi,ESD9R3.3ST5G,,,TVS DIODE 3.3VWM 7.8VC SOD923,TVS,https://www.onsemi.com/pub/Collateral/ESD9R3.3S-D.PDF,AIPN Parts Master.xlsx,My Lists Worksheet,No
PMR-000250,Imported - Pending Verification,Diodes Incorporated,D5V0L1B2WS-7,,TVS-SMD-5v-1ch-BiDir-84w-00,TVS DIODE 5VWM 14VC SOD323,TVS,https://www.diodes.com/assets/Datasheets/D5V0L1B2WS.pdf,AIPN Parts Master.xlsx,My Lists Worksheet,No
PMR-000251,Imported - Pending Verification,Littelfuse Inc.,SP0502BAHTG,,TVS-SMD-5v5-2ch-UniDir-25w-00,TVS DIODE 5.5VWM 8.5VC SOT23-3,TVS,https://www.littelfuse.com/assetdocs/tvs-diode-array-spasp050xba-lead-freegreen-datasheet?assetguid=15a03de1-f0c6-457a-95f1-55d449fdd756,AIPN Parts Master.xlsx,My Lists Worksheet,No
PMR-000252,Imported - Pending Verification,Semtech,RClamp3371ZC,,TVS-0201-7v0-9A-1ch-BiDir-00,7V Clamp 9A (8/20µs) Ipp Tvs Diode Surface Mount SLP0603P2X3J,TVS,,AIPN Parts Master.xlsx,My Lists Worksheet,No
PMR-000253,Imported - Pending Verification,Bourns Inc.,SMBJ7.0A,,TVS-SMD-7v0-1ch-600w-00,TVS DIODE 7VWM 12VC DO214AA,TVS,https://www.bourns.com/docs/Product-Datasheets/SMBJ.pdf,AIPN Parts Master.xlsx,My Lists Worksheet,No
PMR-000254,Imported - Pending Verification,ST Micro,USBLC6-2SC6,,TVS-SMD-17v-5A-2ch-00,13V Clamp 6A (8/20µs) Ipp Tvs Diode Surface Mount SOT-23-6,TVS,,AIPN Parts Master.xlsx,My Lists Worksheet,No
PMR-000255,Imported - Pending Verification,Semtech,UCLAMP2411ZATFT,,TVS-0201-45v-3A-1ch-BiDir-00,TVS DIODE 24VWM 45V SLP0603P2X3F,TVS,https://mm.digikey.com/Volume0/opasdata/d220001/medias/docus/6350/UCLAMP2411ZATFT.pdf,AIPN Parts Master.xlsx,My Lists Worksheet,No
PMR-000256,Imported - Pending Verification,EVVO,PESD1CAN,,TVS-SMD-24v-2ch-BiDir-200w-00,TVS DIODE 24VWM 70VC SOT23,TVS,https://mm.digikey.com/Volume0/opasdata/d220001/medias/docus/7158/5272_PESD1CAN.pdf,AIPN Parts Master.xlsx,My Lists Worksheet,No
PMR-000257,Imported - Pending Verification,STMicroelectronics,ESDA25LY,,TVS-SMD-24v-2ch-UniDir-300w-00,TVS DIODE 24VWM 43VC SOT23-3,TVS,https://www.st.com/resource/en/datasheet/dm00035279.pdf,AIPN Parts Master.xlsx,My Lists Worksheet,No
PMR-000258,Imported - Pending Verification,Semtech,TDS2221PW,,TVS-SMD-28v-2A-1ch-UniDir-00,28V Clamp 2A Ipp Tvs Diode Surface Mount 2-DFN (1.6x1),TVS,,AIPN Parts Master.xlsx,My Lists Worksheet,No
PMR-000259,Imported - Pending Verification,TI,TPD8S300ARUKR,,TVS-SMD-8v-USBC-1-00,TPD8S300ARUKR USB TYPEC,TVS,https://www.ti.com/general/docs/suppproductinfo.tsp?distId=10&gotoUrl=https%3A%2F%2Fwww.ti.com%2Flit%2Fgpn%2Ftpd8s300a,AIPN Parts Master.xlsx,My Lists Worksheet,No
PMR-000260,Imported - Pending Verification,TI,TPD6S300ARUKR,,TVS-SMD-8v-USBC-2-00,TPD6S300A USB TYPEC,TVS,https://www.ti.com/lit/ds/symlink/tpd6s300a.pdf,AIPN Parts Master.xlsx,My Lists Worksheet,No
